Point_Index,X_0,X_1,True_Label,Score_Std,Score_KMeans,Rank_Std,Rank_KMeans,Rank_Diff
0,0.749080237694725,1.9014286128198323,0,0.47792246661591786,-0.9143156838338353,917,751,166
1,1.4639878836228102,1.1973169683940732,0,0.45945090145920947,-1.1850502133997902,729,474,255
2,0.31203728088487304,0.3119890406724053,0,0.49197700136615735,-0.9126978230497511,964,753,211
3,0.11616722433639892,1.7323522915498704,0,0.4805930913284228,-0.8910232412154151,930,774,156
4,1.2022300234864176,1.416145155592091,0,0.46821581830837056,-1.1031119109309269,839,585,254
5,0.041168988591604894,1.9398197043239886,0,0.490791828580771,-0.2529148874244429,962,964,2
6,1.6648852816008435,0.4246782213565523,0,0.46710945754452426,-0.9796877977158536,826,700,126
7,0.36364993441420124,0.36680901970686763,0,0.4859916695260789,-0.9577325053555941,951,718,233
8,0.6084844859190754,1.0495128632644757,0,0.45711096298866305,-1.6940879424103001,689,41,648
9,0.8638900372842315,0.5824582803960838,0,0.46979005712956573,-1.1886684989768295,858,470,388
10,1.223705789444759,0.27898772130408367,0,0.46837007426485927,-1.0153677311460578,841,667,174
11,0.5842892970704363,0.7327236865873834,0,0.45816980138773106,-1.0886234427048866,710,602,108
12,0.9121399684340719,1.5703519227860272,0,0.47075392521776116,-1.1638941623555814,872,503,369
13,0.39934756431671947,1.0284688768272232,0,0.4647430629470542,-1.3583590577151883,801,254,547
14,1.184829137724085,0.09290082543999545,0,0.48807134109607936,-0.614383104456554,956,892,64
15,1.2150897038028767,0.34104824737458306,0,0.46054923396551506,-1.1792276678998572,747,482,265
16,0.13010318597055903,1.8977710745066665,0,0.4858090865618684,-0.7240366315094093,949,865,84
17,1.9312640661491187,1.6167946962329223,0,0.45777974327884596,-0.6988405075554787,702,875,173
18,0.6092275383467414,0.19534422801276774,0,0.47521688446956073,-1.1043635242213585,895,582,313
19,1.3684660530243138,0.8803049874792026,0,0.46508395819953546,-1.2443826644126408,804,391,413
20,0.24407646968955765,0.9903538202225404,0,0.4719366568545197,-1.267061148552525,879,359,520
21,0.06877704223043679,1.8186408041575641,0,0.4843197957763551,-0.6036240632108905,946,899,47
22,0.5175599632000338,1.325044568707964,0,0.4672727836391042,-0.9985110877066778,828,688,140
23,0.6234221521788219,1.0401360423556216,0,0.45650067249721166,-1.8014774984481812,678,18,660
24,1.0934205586865593,0.3697089110510541,0,0.4602314493919747,-1.4651465682364089,742,159,583
25,1.9391692555291171,1.550265646722229,0,0.45897669015391535,-0.5016887864432313,720,930,210
26,1.8789978831283782,1.7896547008552977,0,0.45283422259670625,-0.7677573173207144,619,841,222
27,1.1957999576221703,1.8437484700462337,0,0.46989733813056167,-1.0626549724741365,862,627,235
28,0.176985004103839,0.3919657248382904,0,0.4988072840613414,-0.932929946718428,974,741,233
29,0.09045457782107613,0.6506606615265287,0,0.4891259032794009,-0.7376992351875886,961,855,106
30,0.777354579378964,0.5426980635477918,0,0.47707072202524,-1.1449218358828492,910,524,386
31,1.6574750183038587,0.7135066533871786,0,0.4612714065585398,-0.8676044729178829,759,787,28
32,0.5618690193747615,1.085392166316497,0,0.462041665353156,-1.7274358348759256,774,33,741
33,0.2818484499495253,1.6043939615080793,0,0.4727790870008259,-0.9413707459918783,881,732,149
34,0.14910128735954165,1.9737738732010346,0,0.49201451942029956,-0.35937698368351767,965,955,10
35,1.5444895385933148,0.3974313630683448,0,0.46212630767561613,-1.1285264338173548,776,540,236
36,0.011044234247204798,1.6309228569096683,0,0.4869119619755877,-0.3952864139377428,952,947,5
37,1.4137146876952342,1.4580143360819746,0,0.4650067170531121,-0.8845900744503641,802,777,25
38,1.5425406933718915,0.14808930346818072,0,0.48201158358316465,-0.5102988107612421,935,926,9
39,0.7169314570885452,0.23173811905025943,0,0.46858263983320314,-1.054715406181685,848,636,212
40,1.726206851751187,1.2465962536551158,0,0.45965857297963447,-0.9462207486804561,731,726,5
41,0.6617960497052984,0.12711670057204727,0,0.4849272034061477,-0.7349560948381821,948,859,89
42,0.6219646434313244,0.6503666440534941,0,0.4600557599569452,-1.2571745150453282,737,374,363
43,1.4592123566761281,1.2751149427104262,0,0.4642354254377114,-1.08703027255219,797,604,193
44,1.774425485152653,0.9444298503238986,0,0.4605368832826952,-1.1199394243690879,746,549,197
45,0.2391884918766034,1.42648957444599,0,0.47315507106690474,-0.7856470171349588,884,836,48
46,1.5215700972337949,1.1225543951389925,0,0.4579436976046395,-1.4037544684379966,706,212,494
47,1.541934359909122,0.9875911927287815,0,0.45803330739924025,-1.476636909916781,707,154,553
48,1.0454656587639881,0.8550820367170993,0,0.4611042968435538,-1.531109390852286,755,118,637
49,0.05083825348819038,0.2157828539866089,0,0.5185226085077108,-0.2465760705010418,984,966,18
50,0.0628583713734685,1.2728208225275608,0,0.48692733029706464,-0.7674944733657798,953,842,111
51,0.6287119621526533,1.0171413823294055,0,0.45675818120743034,-1.771869136973402,684,24,660
52,1.815132947852186,0.4985844582977499,0,0.46012252821017746,-0.9248438618940216,740,744,4
53,0.8207658460712595,1.5111022770860973,0,0.46690103819233136,-1.057720831924566,823,630,193
54,0.4575963309832449,0.15395981965758598,0,0.5025502724162048,-0.5150195948476108,978,925,53
55,0.579502905827536,0.32244257450800884,0,0.4687918373343029,-1.1319470761021342,849,534,315
56,1.8593953046851461,1.616240759128834,0,0.45578818270260146,-0.8345203625873081,664,806,142
57,1.266807513020847,1.7429211803754354,0,0.46773845449308277,-1.1437332841369647,833,529,304
58,1.607344153798229,0.3731401177720717,0,0.4645533851911725,-1.094957566096285,799,595,204
59,1.7851179969799555,1.0786844838313014,0,0.45215224427426903,-1.4199707044289993,610,198,412
60,1.614880310328125,1.7921825998469865,0,0.45807489139190427,-0.9095527293861918,708,757,49
61,0.6360069499437278,0.22010384905535352,0,0.46706011097074224,-1.1154057631126109,825,557,268
62,0.45587032508388337,0.8542155772525126,0,0.47818356160004133,-0.9571895792797023,918,720,198
63,1.6360295318449862,1.7214611665126869,0,0.46111727787283996,-0.8243246849617538,756,814,58
64,0.013904261062381407,1.0214946051551315,0,0.48704670103016456,-0.8507021541009729,954,795,159
65,0.834822006297558,0.4442156209414605,0,0.46848103443236094,-1.3000398666717903,844,327,517
66,0.2397307346673656,0.6752303428072559,0,0.47860795094765135,-0.8294549328350809,922,810,112
67,1.8858194078250383,0.6464058640415105,0,0.4588796219501376,-0.7802690690302216,718,839,121
68,1.0375812434867322,1.4060379177903557,0,0.46302340198505015,-1.2153493473235257,784,429,355
69,0.727259204758588,1.9435641654419213,0,0.47607286982408314,-0.7062630141705812,902,872,30
70,1.9248945898842225,0.5035645916507283,0,0.4639514917766239,-0.7506450091251116,793,847,54
71,0.9944970117847709,0.6017566196335393,0,0.47029048843860577,-1.3115757660687457,868,307,561
72,0.5696809887549352,0.07377389470906559,0,0.504777788614821,-0.5365412335257593,980,919,61
73,1.2191286679597937,1.005358046457723,0,0.4584560492964354,-1.7016534575058735,715,38,677
74,0.1029575024999787,0.5572929284732229,0,0.5003307714488996,-0.745359315250032,975,850,125
75,1.8165317719333074,0.47912378133394484,0,0.46069658206983854,-0.9591967479708416,751,716,35
76,0.2897897441824462,0.978905520555126,0,0.4732484547032318,-1.1941236767593755,885,464,421
77,1.9713009082212014,0.4841105430230008,0,0.4699514077152599,-0.5030386485270191,863,928,65
78,1.344271094811757,1.5232392306574352,0,0.4635990062461905,-0.9330965287412158,789,740,49
79,0.47527508798479934,1.4564326972237192,0,0.47041061556484093,-0.8855434267927009,869,776,93
80,0.7355662654385065,1.264611661187159,0,0.4654761278895771,-1.2250329408614795,807,417,390
81,1.2670594215217894,1.071549368149517,0,0.45713956888244045,-1.6936251786376757,690,42,648
82,0.1805795401088166,1.670604991178476,0,0.4810269892344377,-0.9176875559260893,932,748,184
83,0.6415601299434717,0.37303702079970846,0,0.46401318122155666,-1.359700529204496,795,251,544
84,0.08155028310952783,1.1817858863764836,0,0.4844313691368258,-0.9574793477192418,947,719,228
85,1.3551287236845648,0.033175657855712304,0,0.5113317760060082,-0.18630200135349106,983,975,8
86,1.024186116598562,0.4529915503958759,0,0.46257554201742224,-1.4439139290642031,781,178,603
87,1.2903455808188997,0.3487328580099829,0,0.4604956389647006,-1.1008244960800182,744,587,157
88,1.381875476204932,0.7734706926010748,0,0.455112907816473,-1.080118891173044,653,609,44
89,1.873459977473469,0.2750418882919865,0,0.47600789935017057,-0.6384103047246823,901,886,15
90,0.682132702100517,0.22694704248117814,0,0.4684922303180558,-0.9622068984194592,845,713,132
91,1.8493872365571256,1.754678706761962,0,0.45768462580762875,-0.8014667205613211,700,824,124
92,0.5158832554303112,1.319968092068358,0,0.4672727836391042,-0.9611597493874542,829,714,115
93,1.6344444004024317,1.1104016231989247,0,0.4573563091943491,-1.3223689364548745,698,292,406
94,1.059301156712013,0.48370458180090337,0,0.4617810265934318,-1.4554875280470863,766,166,600
95,0.18620553561179842,1.7944315159066535,0,0.48205214660819007,-0.8931402907104695,936,772,164
96,1.800836114326661,1.2662029145465359,0,0.45732954483657057,-1.0076836386743735,697,673,24
97,0.6780595820974014,0.6984191492253218,0,0.4597708131097107,-1.0996518399046895,733,588,145
98,1.4519113577404787,1.7942205199051542,0,0.46576978168229316,-0.8192039426038027,813,818,5
99,1.7741728485302346,1.5597510917152477,0,0.4595631452978526,-0.8365412709419093,730,804,74
100,1.2840632923085755,3.1682799299900974,0,0.4501656583093999,-1.2100516456076411,580,439,141
101,0.32325742818922754,4.797108377054158,0,0.4685105581508548,-0.7643490590703963,846,843,3
102,1.2128581193191799,3.018394103233259,0,0.4609697615094843,-0.7891357486575867,753,832,79
103,0.2029430857320642,4.327003538216111,0,0.45660582695754104,-0.9995534909461847,681,685,4
104,0.010123167692437374,3.321616102834997,0,0.4827540121379128,-0.3900414250879054,939,949,10
105,1.0974675787331722,4.383790395385386,0,0.4331002459648055,-1.630020161016684,249,67,182
106,1.303922519005201,3.44853861892112,0,0.4371983422351028,-1.240575163756922,328,394,66
107,1.4243584426950717,3.4744981749936,0,0.44223255871661116,-1.1147501388616465,438,561,123
108,0.6507993963185355,4.4929828102360485,0,0.4431461028201278,-1.079635688851373,455,610,155
109,1.2992657980944293,4.698446820988356,0,0.43088695287015355,-1.2820307632537227,204,342,138
110,1.3152257846006867,4.136617206670943,0,0.42648894891420036,-1.5208479712103067,124,129,5
111,0.18734953565618495,3.7354316061188673,0,0.46180473011219264,-1.029075349584275,767,656,111
112,0.5304047353634509,3.487979286758167,0,0.45567761908442855,-1.0988721712024274,661,591,70
113,1.9460211095048912,3.786195449333521,0,0.43880701112790993,-0.9455397401317875,362,727,365
114,1.7840931103542266,4.262277251994526,0,0.422346862034928,-1.0989452835568887,56,590,534
115,1.5896226070832968,4.005274186210384,0,0.43043200662535674,-1.3825251765448967,198,228,30
116,1.1538077692527182,3.985035387637728,0,0.4318467115311774,-1.839927463353325,225,6,219
117,0.390485975596089,4.444904230523011,0,0.45651417329695826,-0.9347804448621411,679,737,58
118,0.5615447248817116,3.0486319328629077,0,0.46518430082601453,-0.9609220602563537,805,715,90
119,1.2909445918143356,3.354221358814098,0,0.4427766414027592,-1.2401330720402943,446,395,51
120,1.8809171687058286,4.907857154005175,0,0.4363082828127344,-0.5464214409887589,306,916,610
121,1.829728780440897,3.7403174005108886,0,0.4284092243619441,-1.1443308670999004,157,526,369
122,0.030913233057734857,4.8566371251754505,0,0.48341765932139585,-0.1136361612263388,943,980,37
123,0.8563682966346287,4.933309638087339,0,0.45535684170502805,-0.863446644930218,656,792,136
124,1.9272399541785057,4.70601891093472,0,0.43588282215167723,-0.741407470138935,299,851,552
125,0.5888977841391714,3.7701954572038505,0,0.44731190613264854,-1.1317248406041802,541,535,6
126,1.7022733430337138,3.633844010312555,0,0.4296632210050411,-1.047720922055829,183,641,458
127,0.338985493372185,4.1136025249167005,0,0.4510095677960887,-1.3354216484297474,594,280,314
128,1.872309548321562,4.392059593349946,0,0.4282271852568195,-1.0241058282112987,152,661,509
129,1.14012234017873,3.194352987541537,0,0.45300602076276253,-1.3915596008541602,623,220,403
130,1.2300144533983395,4.980107700208526,0,0.45323959087006477,-0.6683852000464798,629,883,254
131,0.28016803047304806,4.036659304727474,0,0.4480853304774208,-1.36840745692371,550,236,314
132,1.7547461438559109,4.481537235508409,0,0.4286818675611592,-1.0221819354634452,163,665,502
133,1.394031481990536,4.404968167974219,0,0.42794174346329844,-1.1629307580905013,146,505,359
134,0.7189823024395103,3.5871836885289867,0,0.4482180037297806,-1.1414646765540128,551,530,21
135,1.6187223109570272,4.6202267893583615,0,0.4338282985051415,-1.1147537474310614,257,560,303
136,1.7341446371602074,4.826481105112943,0,0.432407861774682,-0.8612681468307466,240,793,553
137,1.0226847977218756,4.003032589374399,0,0.42840086969024505,-1.9141429408389197,155,1,154
138,1.5965903579335503,4.29992786155553,0,0.42368493592404416,-1.1520510316923875,74,518,444
139,1.4039337545154067,4.591585338872202,0,0.4301064416399278,-1.0930494666666655,192,597,405
140,1.7800106836351326,3.6759903137030716,0,0.4251783842136699,-1.0381869235744872,100,649,549
141,0.751165905279888,3.187963879681738,0,0.4654799063727587,-1.2372728869884568,808,401,407
142,1.156560281992348,3.071884547593484,0,0.4550722243287208,-1.127947263045685,652,541,111
143,0.9311960362649203,4.085289269415153,0,0.43641566097745,-1.7502540460733336,310,27,283
144,0.5730825042565688,4.1816665211380215,0,0.44637713843043303,-1.2305184523204131,521,408,113
145,0.06100049987809886,3.074696377498429,0,0.47299118092975867,-0.5581964750803494,882,915,33
146,1.6452011213193165,3.720381282822526,0,0.4285389199826816,-1.1833806495724266,161,477,316
147,0.25412102530376957,4.044486520109609,0,0.4504766501311102,-1.3063845226488722,583,315,268
148,1.5399871061972217,3.431642054993686,0,0.4436151850431599,-1.0067984918022943,467,674,207
149,1.2457809516380005,3.170694929987536,0,0.45241038282472645,-1.275623428994889,611,349,262
150,0.1033634423372154,4.062709263136296,0,0.45844908933672357,-1.0460312396358749,714,643,71
151,1.081270243220213,4.2748598029964135,0,0.42528856968183426,-1.6163359842919438,103,74,29
152,1.452182667445323,4.951704158925069,0,0.4467366043328884,-0.7157375369195182,528,868,340
153,1.0326006966023906,3.645912945882492,0,0.43416184850378353,-1.5336266643460332,263,117,146
154,1.5903723895374073,3.5416645025241484,0,0.43341547963703353,-1.079055749584953,252,611,359
155,0.8779428414112722,3.1569127626845317,0,0.4555518929135145,-1.2854736503795108,658,336,322
156,0.05070148683091502,4.92529682935585,0,0.48729298728739423,-0.19361495911007598,955,974,19
157,1.6719602410244117,4.391948412187396,0,0.4313429765887123,-1.2344714168765836,214,402,188
158,0.8179058888285398,3.3465886401416913,0,0.4606705902709481,-1.3562802012695676,750,259,491
159,0.3128740853421721,3.5004857963291904,0,0.4618689584758792,-1.1055974199101386,769,578,191
160,1.098453329412241,4.4291918454001244,0,0.4312851341490574,-1.6353197843322054,212,60,152
161,1.3203947534354625,3.5598677938918857,0,0.432252685578033,-1.2301175717318187,235,409,174
162,1.9097305613263882,4.475793833391537,0,0.43416216017869547,-0.8246022014247121,264,813,549
163,1.1087081050228014,4.223441492468704,0,0.42619447046721654,-1.6397244244574671,118,58,60
164,0.8392001248555798,3.495461979002315,0,0.4494584011429569,-1.425528326126845,571,195,376
165,0.7119453573025232,4.515692220928738,0,0.44360225393193414,-0.9840720331460018,465,697,232
166,0.028786977259511737,3.2321452810138327,0,0.4803244859242332,-0.5351123951443753,928,920,8
167,0.0920052840435055,3.08145760463794,0,0.46987000305839205,-0.4961508657372804,861,933,72
168,1.7109211680220144,4.407315718760048,0,0.42919698168573966,-1.1714618415389224,173,491,318
169,0.9483476581746504,3.195668321302003,0,0.45692204623011284,-1.3485692906797282,687,264,423
170,0.9832317502336647,3.946943541561131,0,0.4344243868240635,-1.817735558735615,270,10,260
171,0.34640373982003037,3.867703298475946,0,0.4549998241640693,-1.2076829269831504,648,444,204
172,0.7970094687947469,4.231700196104433,0,0.4347291372216863,-1.3812243106206052,276,230,46
173,1.2701873017352876,3.090608019544089,0,0.45286974502128213,-1.0248151979816362,620,659,39
174,0.7492252292529424,4.251719831428472,0,0.4369944322099194,-1.2436429369336848,324,392,68
175,1.0062725171601754,4.712979682376645,0,0.4393472484608432,-1.365734342511097,379,241,138
176,1.31738726323789,3.3258688541628594,0,0.44261299636130225,-1.1083460400103813,442,570,128
177,0.1411374948008597,4.284838556412631,0,0.4532623602247654,-0.9005939616024414,630,768,138
178,0.053022621083243626,4.171551162546926,0,0.46726837364322993,-0.8745643165228056,827,784,43
179,1.8804604828499152,4.150948355751758,0,0.429501254163749,-1.1982602611550615,182,453,271
180,0.7763398524130438,4.286576436884706,0,0.43714649217443863,-1.300578268529223,327,324,3
181,0.9165057809830333,4.09123357863187,0,0.4387084621212228,-1.7803366925146364,361,21,340
182,1.8829296175530503,3.7722052756015483,0,0.4302901058875496,-1.1305260651715732,195,537,342
183,1.9223811276478284,4.8107012839121275,0,0.43656223077803125,-0.5981319360348079,315,901,586
184,0.3915822695785929,3.138722601750331,0,0.4654980407471021,-0.7455547275901235,810,849,39
185,0.2015560027548533,3.0364436513030997,0,0.4770801370173022,-0.5720452392204911,911,911,0
186,0.1888859215118568,4.366013546832714,0,0.45893241536111073,-0.9663701941323537,719,710,9
187,0.14237729692045797,3.6379512605875224,0,0.4612297043392401,-0.8295596052787031,757,809,52
188,1.6897506219389091,3.046543871471652,0,0.46193262264023965,-0.6918746322131242,771,877,106
189,1.6289369651778716,3.5637095495468,0,0.4316763039061496,-1.0239064686874366,220,663,443
190,0.2363296552433125,4.393474330728301,0,0.45984665099510347,-0.9803696399586792,734,699,35
191,1.257885693559768,4.754944027054106,0,0.435979530283697,-1.248704381818699,301,384,83
192,1.4701420876077715,4.606961860769697,0,0.4311959726062196,-1.1052480801038378,210,579,369
193,0.564069145142613,3.3548790875594454,0,0.46007310501648957,-1.095852237101266,738,594,144
194,1.5012295032817167,4.613669478534528,0,0.43212958288947273,-1.084138488678584,233,607,374
195,1.9810102840013466,3.825235353822853,0,0.4432507628286382,-0.8368264131043164,457,803,346
196,0.7440361715855663,4.5528259214839935,0,0.4468037236712846,-0.9843394522497422,532,696,164
197,0.6816070805060357,4.86151465120713,0,0.4560789467213994,-0.6539519653932429,669,884,215
198,1.7168255036860236,3.8579880547500367,0,0.42718171289059176,-1.3315779151902252,135,283,148
199,1.5017421355829947,4.5090857481693645,0,0.4269567825604324,-1.0519059263029957,130,638,508
200,0.20624773767186522,7.805105813359133,0,0.4623688364567178,-1.0506612550956773,778,639,139
201,1.0105047448957143,7.6529149322154835,0,0.4431220144181144,-1.6743326744821854,454,47,407
202,0.6400992020612235,7.791046456992401,0,0.45399689908972535,-1.277256122767632,635,346,289
203,0.7784033574683262,6.021675302960597,0,0.47184689934533663,-0.5430242386973865,877,918,41
204,1.8107639528385273,6.182573353572267,0,0.4405940789454424,-0.5935612085581479,403,902,499
205,0.6386272751808297,7.90012393410161,0,0.4673556380452823,-1.0763435273024653,830,615,215
206,1.9012142938751122,7.146875776246572,0,0.4365402777255266,-1.3211844863448854,314,295,19
207,1.2636744243395985,6.896891043956639,0,0.4346506701615038,-1.3155881789482908,275,303,28
208,0.5864215433961291,6.657329090739832,0,0.4606193321737165,-0.9088610505180044,749,761,12
209,1.3450369121540768,7.50474905887536,0,0.4461397977892284,-1.107741346706069,516,573,57
210,1.583158087451697,7.579236285589108,0,0.444651630001932,-1.057442696330925,486,632,146
211,0.18241220609738074,6.9888406094051625,0,0.46273715137483884,-1.2657416992480202,783,361,422
212,0.11511752003328857,7.099057764647471,0,0.46105197484589,-1.1768781296414228,754,487,267
213,0.883061002746754,7.7754083655166,0,0.4529462383980367,-1.5493867102708516,622,110,512
214,0.7018300251041574,6.234134032855212,0,0.45690591762153737,-0.9830955506011549,686,698,12
215,0.2859833641056717,7.523021263434945,0,0.4529413735433235,-1.021369424079377,621,666,45
216,1.2364361266325221,6.202245352245581,0,0.4494012554486083,-1.0899850739419876,569,601,32
217,0.16821361222999487,7.4019382629182395,0,0.4620159442231745,-0.9900853976004629,772,692,80
218,0.14552601272838706,7.643720118580712,0,0.4607863853965875,-1.0049256067429746,752,677,75
219,1.4124844543129924,6.1626975612837995,0,0.44473698549456137,-0.7085343045966914,489,871,382
220,0.16967542817038384,7.9732791570023505,0,0.4833155102158917,-0.5027810484350557,942,929,13
221,0.7485415915122406,6.741284294133782,0,0.4516103717540096,-1.117997789423109,605,552,53
222,1.6255991345150052,7.894497154767717,0,0.45937747559505765,-1.078534469544934,727,613,114
223,1.9720021276457418,7.506756370517883,0,0.45092361518794216,-0.6354209484810704,591,887,296
224,0.7525191710618315,6.1670014333973375,0,0.45507178035047247,-0.9077398580174514,651,762,111
225,1.5542938318548736,7.11680849947161,0,0.43657287906259773,-1.5022789757390926,316,139,177
226,0.8484440184939526,7.812708770189472,0,0.4539704141508782,-1.4168271330652722,634,199,435
227,0.22239496461230268,6.985250208581718,0,0.4599704361226255,-1.2810743876301096,736,344,392
228,0.022707289534838138,6.937321283988252,0,0.48047413945099376,-0.7036771429384019,929,873,56
229,0.1126065513636747,6.237635832536144,0,0.46986889273967536,-0.6834426815949295,860,879,19
230,0.23505249355420976,7.298420604232128,0,0.45655250733343217,-1.1121764982727655,680,563,117
231,1.4920897585308466,7.166737530194319,0,0.43862876028253867,-1.273183071669394,359,350,9
232,1.9243450969490838,6.749741159047408,0,0.4398341513382967,-0.826806934544849,387,812,425
233,0.5714241725637215,7.737198256378921,0,0.4559205747156189,-1.2911419321467665,666,333,333
234,0.4471916770389053,7.926445078881223,0,0.476863542402762,-0.8726730007989443,907,785,122
235,0.024308949379632683,7.939757653415278,0,0.4965963626014915,-0.2405669521298226,971,968,3
236,0.08631982390115223,7.782286227396142,0,0.47023825413923304,-0.8054786951312909,867,821,46
237,1.0554022181725997,7.985929592238601,0,0.47051046525721557,-1.1079757749932595,870,571,299
238,0.14759312947079772,7.107708568802641,0,0.4614287644564777,-1.341950402586345,763,271,492
239,1.938605071238198,7.046195688340298,0,0.4365923239318326,-1.2297788183581857,317,410,93
240,1.258797276270525,7.391497377969234,0,0.45104564554876575,-1.2308557382991245,596,406,190
241,0.9090821295355465,7.255116160168127,0,0.4452986700848898,-1.6300823479988962,497,66,431
242,1.1686286238462005,7.802316020981978,0,0.45727196646023055,-1.393904097769187,694,219,475
243,0.09089276068291574,6.56192637918446,0,0.4756168639159145,-0.5047769197461571,898,927,29
244,1.9008229681531175,7.780527567781832,0,0.4540476527305726,-1.064674804169397,637,626,11
245,0.9113135055714259,7.240265195603073,0,0.44451973816992857,-1.621075747637124,479,72,407
246,0.5547623659622654,6.376242319447522,0,0.4634790593442259,-0.8428673294038935,788,800,12
247,0.9273968098799643,6.706704456052106,0,0.4495386470496449,-1.5064226643194174,572,134,438
248,1.1673122237017441,6.1554692739299695,0,0.45569198114938336,-1.0474235476940952,662,642,20
249,1.948789615332333,7.972421488959206,0,0.47819670460930597,-0.39191765328727945,919,948,29
250,1.3963234280394903,7.072192732688241,0,0.4330183793303058,-1.3958465911505233,246,218,28
251,0.6190552325726555,7.627590039413898,0,0.4485026338587397,-1.1459229047850594,557,522,35
252,1.3694623451077585,6.325233878689783,0,0.4412078501332535,-1.015079744466719,422,668,246
253,1.821854368987685,7.645074485846338,0,0.43575116043251755,-1.0731522524555333,298,618,320
254,1.899599826583848,7.45143901677672,0,0.44054652500625485,-0.8767067176900127,400,782,382
255,1.2268303918715797,6.836486072581238,0,0.4367465526425917,-1.3595306588749585,321,252,69
256,1.8654569667080265,7.732127779000817,0,0.44554073657339327,-1.0878535585340732,500,603,103
257,0.09043734021237881,6.052733948994504,0,0.4764421763145734,-0.22317944134575152,904,971,67
258,0.7529267337560992,7.621106661563665,0,0.4452439509211598,-1.2638662100111322,496,364,132
259,1.974552258629889,6.300833782207056,0,0.4484654312390975,-0.5161832342597616,555,923,368
260,1.1882614307042703,6.761781713262043,0,0.4408376792960573,-1.366799408567692,413,240,173
261,1.9398287956292064,7.684237846271417,0,0.44432635713350005,-1.0558438658687908,474,634,160
262,1.6766574094222757,6.93738631958994,0,0.4310994720351756,-1.198820284620016,206,452,246
263,0.8296390046753304,6.546814143861413,0,0.45354770650862924,-1.2565431521247583,632,375,257
264,0.11275099330185423,7.729444752510107,0,0.4655608725856812,-1.0651246957559364,811,625,186
265,1.6258020182601551,7.999435346572261,0,0.477047596211095,-0.6143297828178147,909,893,16
266,1.9932736741478108,7.110863411205255,0,0.4427867696969994,-1.0387634900658487,447,648,201
267,1.537974830361021,7.889531459764856,0,0.46704836802319294,-1.011277380345768,824,670,154
268,1.699294781354823,6.494696203486395,0,0.4429247212556401,-0.8432059836389467,449,799,350
269,0.901088270620187,6.25831883030299,0,0.45613652986141934,-1.3597485433665977,670,250,420
270,1.9081020545174447,7.21234926890176,0,0.4351525183784237,-1.179583551674726,285,480,195
271,0.45728561100692544,7.343401368811714,0,0.45923125937839304,-0.9489210786045774,724,722,2
272,1.2362564809157917,6.716325436065681,0,0.4406834083073054,-1.2986524806231516,406,328,78
273,0.22711518439925804,7.343146391185599,0,0.45912373114539307,-1.105087675578687,723,580,143
274,1.0406154018075866,7.544636783471279,0,0.4444055074179592,-1.6026806108131826,477,82,395
275,1.0403270022239868,7.7043630006370805,0,0.442036074416737,-1.6098162139197725,435,79,356
276,1.103813677548971,7.121875943070773,0,0.44069241462512787,-1.8588376288309725,408,3,405
277,1.75330720531669,6.8069657324247945,0,0.4337400246782144,-1.002636113004979,256,681,425
278,0.26803045690128147,6.057565352626678,0,0.468076648345307,-0.6467918686810252,837,885,48
279,1.510274511347238,7.24061910270693,0,0.43883357253867233,-1.1851299143445053,363,473,110
280,1.4081595361984471,6.425928323017821,0,0.44119994579706834,-0.8537348275364094,421,794,373
281,0.2727429511735395,6.029089331335764,0,0.47101836146203835,-0.5779185022214717,873,908,35
282,0.701175117613194,7.179835373709266,0,0.44436400507942925,-1.2389081843798384,476,398,78
283,0.7844880901994646,6.874949844047459,0,0.4443427270071427,-1.2763834071092428,475,347,128
284,1.8083173889874968,6.696510934046601,0,0.437775766539272,-0.9104229285483101,343,756,413
285,1.0279789783196216,7.567306025482286,0,0.4423232110451867,-1.711967099513517,439,36,403
286,0.7930855646425403,7.244173400455747,0,0.4461357710362021,-1.3904841089451057,515,221,294
287,1.7247274174934903,7.899041247315284,0,0.46137301883404136,-0.9778654755487681,762,701,61
288,0.2941469618580759,7.853175250322989,0,0.46164381616599653,-1.0787959485927838,765,612,153
289,0.9842325861590764,6.5164887765979165,0,0.4490116453040218,-1.4570995117393188,562,165,397
290,0.9182715124765226,7.960065150570954,0,0.4691608889624685,-1.226967710391,853,414,439
291,0.9852361879857392,6.657503220575016,0,0.4440117455466736,-1.4887398391315352,472,147,325
292,1.2668017086334515,6.480291237556386,0,0.444721872528549,-1.1663827747994304,488,501,13
293,0.15172665621732784,6.257759443821298,0,0.46847871170587796,-0.7862951222696095,843,835,8
294,0.2560916779155449,6.303805387024589,0,0.4640526644238966,-1.0026321346757934,796,682,114
295,0.27765434529882027,7.28174948960643,0,0.45052655391806484,-1.0913393006475216,585,599,14
296,0.36376016879828965,6.691334566647726,0,0.46182257097265217,-0.9394780039782851,768,735,33
297,1.7935768198120237,6.947923280525744,0,0.43029160371891195,-1.2493724311055883,196,383,187
298,1.3351154770420544,6.34463974240326,0,0.4458073039560001,-0.9118754151104134,507,755,248
299,0.38457803761734155,6.081737232532958,0,0.4661410438074669,-0.6109072834581233,817,895,78
300,3.3378701261443293,0.5571806780639172,0,0.4446211578032831,-1.3584019133739118,484,253,231
301,3.3540209685534936,0.17740506751411123,0,0.4735484898545806,-0.7246314974758976,889,863,26
302,3.2412717422012016,0.9215575360654515,0,0.43920730010758124,-1.3721510684932015,375,235,140
303,3.412667436811585,0.7285397220961509,0,0.43674472786102453,-1.3098150669042603,320,311,9
304,4.006834541709714,1.3807896572587306,0,0.43543323828683905,-1.1940781303134327,291,465,174
305,3.078624279682198,1.5988207978180853,0,0.4433748157244096,-0.9193960853218397,461,746,285
306,4.255800778981816,0.16351806389774382,0,0.4771033264486196,-0.609749728019358,912,896,16
307,4.747157248213554,1.8417448010636264,0,0.4571591071790582,-0.6795239755709028,691,880,189
308,3.1221559197097273,0.5537552962944075,0,0.4559498193082711,-1.1705663407416806,667,493,174
309,4.612402559586123,1.4965193807673167,0,0.44717349752980945,-0.7935161877981929,536,826,290
310,3.3690420387127546,0.4186986466734206,0,0.45277478375571956,-1.224769882851806,615,418,197
311,3.740944205582764,0.9690459703820427,0,0.446251557952777,-1.459580034601482,519,163,356
312,4.236509543060592,0.7378272791395448,0,0.44421368446107073,-1.1512035248688672,473,519,46
313,3.925069432266296,1.494941876267513,0,0.44087697320418867,-1.257732182067178,416,373,43
314,3.073366405781196,0.5048738886880415,0,0.45582845092946483,-1.0666359380296266,665,624,41
315,4.426699171769105,1.7904136753743987,0,0.45333329286830787,-0.8918678906619784,631,773,142
316,4.023354884231332,1.0642269705306313,0,0.43184926825331527,-1.9332075863113483,226,0,226
317,3.214344022679552,0.8948247336469093,0,0.4412304521708,-1.3532497354414916,423,261,162
318,4.065234532910046,0.4849410072694593,0,0.45250806431443835,-1.3554293575692942,612,260,352
319,3.5384864618987617,0.7545683262092453,0,0.4399377535955665,-1.210900823799233,390,438,48
320,3.0401423955554527,0.6441583311663566,0,0.44673269148574024,-0.8297549700435922,527,808,281
321,3.422896013993089,0.6549947043558293,0,0.4389100441086252,-1.195795814711572,366,459,93
322,3.2395242636385024,1.78105456147979,0,0.43138920680735116,-1.2373553771323786,215,400,185
323,4.187184907108097,1.3582046382889792,0,0.4311109201516122,-1.1871763775050717,207,472,265
324,4.578342477214677,0.9968843978581146,0,0.4548652234753098,-1.158144195792854,647,511,136
325,3.1738405761748476,1.0742130836370956,0,0.4360563134230093,-1.6864817783847177,304,45,259
326,4.173682236041758,1.49087894836866,0,0.4385262699897984,-1.2305343775813298,357,407,50
327,3.863319092459359,0.2551606055911275,0,0.4756411226918798,-0.9886955534045745,899,693,206
328,3.5675518115974487,0.7261645927972702,0,0.4430268010709911,-1.2179537065854844,451,426,25
329,4.291834482663202,1.1415566093378238,0,0.43210126806465254,-1.4449058110207629,232,177,55
330,3.7121934517956925,1.9730304975859594,0,0.45050734096566236,-0.5693254521348634,584,912,328
331,4.211549638713774,0.47445358347198896,0,0.46014850567925597,-1.1618830486348446,741,509,232
332,3.2035649452408075,0.30571827836866405,0,0.4603660630074103,-0.9378629705008281,743,736,7
333,3.491915456769016,0.32136274651911134,0,0.45938790201522495,-1.057823876506899,728,628,100
334,3.3731340481026115,0.5701903373876942,0,0.44755085510102055,-1.3485443787729858,543,265,278
335,3.3467471905895096,1.7935308492528503,0,0.42914051973595885,-1.3040364402288462,170,322,152
336,3.1604674913232844,1.0490227791405093,0,0.4393485709430007,-1.4844875958123538,380,150,230
337,3.8207936539793232,1.9647572338172128,0,0.4509995272114321,-0.813760659947107,593,820,227
338,3.2240778043361047,0.7957111980914833,0,0.4364792785183184,-1.2078687395267007,312,443,131
339,4.9389408665507375,1.7310142517879605,0,0.459732613073531,-0.46476079050188623,732,939,207
340,4.63414414189856,0.5158056540898797,0,0.46689813760291216,-0.9125775878833551,822,754,68
341,3.341775174780132,1.337286439848862,0,0.4280267530723909,-1.2693555632037374,147,352,205
342,4.858751978255172,1.1135257860278596,0,0.44573482641731316,-1.1444834378277866,505,525,20
343,4.1432253789398,0.5599581873205683,0,0.45066278646425956,-1.1771040482870303,588,486,102
344,4.538985866383873,0.37408749711504674,0,0.46687022632969194,-0.7910054360530081,821,829,8
345,3.647358472808487,0.8508728772328336,0,0.4490333072778803,-1.218206232889008,563,424,139
346,4.01522075736891,0.4848194648301605,0,0.45618332740091544,-1.3576140130333174,671,256,415
347,3.229673649478407,1.2212400848832652,0,0.4290563089567455,-1.3871217973908805,168,223,55
348,3.5772611064805115,1.1624764428452246,0,0.43476764058596445,-1.6246628592933492,278,71,207
349,3.308725430548405,0.962280203709635,0,0.43731206760930685,-1.490624434760146,332,144,188
350,4.065178865103172,0.10364707364485382,0,0.48182819917476394,-0.5440137813805765,933,917,16
351,3.6732085563878414,0.2688293538779485,0,0.4754961298152383,-0.8842502968705608,896,778,118
352,3.1267499409455355,1.9799204647798905,0,0.4517431090114948,-0.40054069424996697,606,946,340
353,3.644707689949446,1.6197488917092697,0,0.4371027661882234,-1.1786301806803432,326,484,158
354,3.5092813095275277,1.3630054444478585,0,0.42916680879877894,-1.071120515644663,172,619,447
355,4.520455719779373,1.1912774812156885,0,0.44233259918385165,-1.1780366387030092,440,485,45
356,3.9431523771003167,0.8236818282945371,0,0.4484804073904515,-1.5381914291613255,556,112,444
357,3.6977365330859904,1.8590582884956517,0,0.4421816066181348,-0.9092673099980735,436,760,324
358,4.661238815575459,1.9300538213330252,0,0.4632069507608043,-0.4592146930024408,785,940,155
359,3.2485944469710892,1.4617349504072885,0,0.4318832772779354,-1.0402469158022316,227,647,420
360,4.876680913642076,0.3624661323313203,0,0.4674341692225273,-0.43863140070201556,831,942,111
361,3.132992534733555,1.482241298580118,0,0.4425891940980491,-0.91850452063388,441,747,306
362,4.148946226359824,1.6836575535165441,0,0.4432414642434186,-1.1667504984120605,456,500,44
363,3.279544753252579,1.5905346237197804,0,0.4317215680518261,-1.2676469368859635,222,358,136
364,3.403254640095489,0.327311885731409,0,0.4554380368802038,-0.9707442966009758,657,704,47
365,3.328531595861986,1.6291494404627642,0,0.4330561589840617,-1.4076272755383652,248,209,39
366,4.3303944413924,1.0461308495382386,0,0.43729207362700345,-1.51160674085058,331,132,199
367,3.7176609682470048,1.7544010816262166,0,0.44347062023647515,-1.179310449979527,463,481,18
368,3.7848902148452708,1.6331988789431542,0,0.4438844873251009,-1.3302542512105275,470,287,183
369,3.8782698171404366,0.7538888588498152,0,0.4433015602400841,-1.3199041389699473,460,299,161
370,3.9253595713392126,0.6027557483282842,0,0.45463726114175296,-1.436077289068466,645,188,457
371,4.495218760352502,1.0054407801849583,0,0.45139974378614817,-1.2131778603326326,600,434,166
372,3.4644253902936346,1.799149146549137,0,0.42944309998507857,-1.1069465063201882,180,575,395
373,3.767782442746423,1.0871057222279772,0,0.4366850046657008,-1.7703858355920392,318,25,293
374,4.812944221929094,1.2484759918279842,0,0.44650026307524826,-0.8192278521678387,524,817,293
375,3.2337960814167284,1.8796642472269502,0,0.43504811986953923,-0.9532484488783133,282,721,439
376,4.255416106142835,0.6698112293141723,0,0.4504308587679345,-1.1093103701735658,582,566,16
377,3.2785441453267747,1.588050378540592,0,0.4317215680518261,-1.2851637170306556,221,337,116
378,4.240145511857027,1.066922183952643,0,0.43431835145391345,-1.716226187309033,268,34,234
379,4.787785166101916,1.5771944224490615,0,0.4492408777667962,-0.7382643408301726,566,853,287
380,3.3033497594655024,0.6234441355910965,0,0.4454446414437595,-1.3108622135289902,498,309,189
381,3.4969782796289315,1.487892585145354,0,0.4315733928479363,-1.0946215875326266,217,596,379
382,3.067064869471559,1.139779369742633,0,0.4374790468092042,-1.20139956019826,339,448,109
383,4.524917371481381,1.753531273523499,0,0.45777827735078797,-0.8645331364766,701,791,90
384,3.6841634974318147,1.6425146093440257,0,0.4379904987439641,-1.2662648108565069,344,360,16
385,3.2212634739104145,1.6929045834690364,0,0.43332028404356254,-1.2656793526042396,251,362,111
386,3.254977324663965,0.7945745811207345,0,0.43744317547868655,-1.1439038709836864,336,528,192
387,4.594590731559107,0.29983485469754756,0,0.47672110898195963,-0.5729248564425504,906,910,4
388,3.4585027904652828,1.4445051367861326,0,0.43008010688298526,-1.0318676760001968,190,653,463
389,4.440073073092149,1.2822952657705946,0,0.4403018851727804,-1.2138547406324687,397,431,34
390,4.3878968889342005,1.0854488866951923,0,0.43501646144014594,-1.5877754222772076,281,88,193
391,3.5035981178139055,0.6913919870078389,0,0.4391338262582594,-1.2688893850270015,374,355,19
392,3.3631954336028516,1.8169011226672567,0,0.4330473550571046,-1.0269231193390995,247,657,410
393,4.1667835895322405,0.8017028335272798,0,0.44827597696130667,-1.1824049523775066,553,479,74
394,3.924011607288265,1.8945666792236306,0,0.4467648071637707,-1.1749312826354013,529,490,39
395,3.3067028062321606,1.1724596640335945,0,0.4262779042438839,-1.5769753988091177,120,93,27
396,4.011777357768932,1.2229084708692957,0,0.4337119119061526,-1.6666540422385072,255,48,207
397,3.036220367641681,1.744247817888303,0,0.44502532843246534,-0.738068162496994,493,854,361
398,4.864236564967225,1.1302663671784179,0,0.44459787867357636,-1.029949303429186,482,655,173
399,4.393301647753784,1.8449987623545914,0,0.45635167437519436,-0.7487125702820214,674,848,174
400,4.414477268626797,3.305078085828523,0,0.42744920970062233,-1.2136235898866428,140,432,292
401,4.152576720333626,4.213430092765712,0,0.41929276017313977,-1.63542819059615,37,59,22
402,3.848261342604772,4.472888471249446,0,0.42068037795102226,-1.2279762359961994,47,411,364
403,4.86873402953803,4.851137025813553,0,0.4331334177139224,-0.7556488234759078,250,845,595
404,3.901678742808264,3.2264760916815103,0,0.42848139902826843,-1.305777212439378,160,317,157
405,4.969682397924669,4.677796172891869,0,0.43975180735457703,-0.6270694686696265,386,889,503
406,3.249325362406534,4.841683765234745,0,0.42414951031237447,-1.2017360871767617,79,447,368
407,4.739792724124257,4.037676114252144,0,0.4178054431805812,-1.3236557346544684,29,291,262
408,4.182550871489859,3.7980054077402605,0,0.4117412590192941,-1.6933646830766858,2,43,41
409,3.1095232776440627,3.670394483291802,0,0.4225882643130813,-0.9094599102497134,60,758,698
410,4.605706897196023,3.0092640460092057,0,0.44008192220633946,-0.4309493879362005,392,944,552
411,3.6669983433822884,3.796337387181887,0,0.4157091097023998,-1.5247031988023765,20,126,106
412,4.0747912058758455,4.839711232825521,0,0.42636966783560076,-1.2520310175967282,121,379,258
413,3.6926919887319225,3.6939064037924556,0,0.4158424188535674,-1.208540723232908,21,441,420
414,4.4750024962194965,3.904435881779614,0,0.4138728490998006,-1.5234614705653842,9,127,118
415,3.449209645879964,3.904879032265387,0,0.4169329952229688,-1.6448513743932498,26,57,31
416,3.2817140407595997,3.3527739730124466,0,0.42510067267215623,-1.2613852857594936,98,367,269
417,3.9967355454789595,3.837850899009096,0,0.41599611806910086,-1.679193384755672,22,46,24
418,4.8296918021362,3.7247877982332662,0,0.4229313121075686,-0.9439859985031418,67,728,661
419,4.161176700556087,4.26452857583906,0,0.4197212737723096,-1.5804029704526648,40,91,51
420,3.026188913176667,4.327074744033421,0,0.4300264812806803,-0.7566842461194756,189,844,655
421,3.3560719337395026,4.92214063493891,0,0.43263787212152216,-1.122520870322799,243,547,304
422,3.297325455506226,3.8292482474540472,0,0.41209936642570294,-1.5511909112071987,4,108,104
423,3.1706993361572877,4.9937485036918945,0,0.4444889323894392,-0.6035291812936672,478,900,422
424,4.004390020662485,4.190770034640088,0,0.42524040304778343,-1.6331915878788443,101,62,39
425,3.134152954776855,4.499920940798356,0,0.4252714075964754,-0.8705951437437678,102,786,684
426,3.4198111861911715,4.7961085788814275,0,0.4228313172714095,-1.3061222405984703,66,316,250
427,3.4102792809640143,3.381375441327333,0,0.4307514925353561,-1.1713542359962998,203,492,289
428,3.07309933569619,3.9441338902199985,0,0.42608220873516306,-1.3469737575804306,117,267,150
429,4.129682266525233,3.1314172788567047,0,0.43395190860513594,-1.1624128457242349,261,508,247
430,4.551055233390021,3.9065776694960554,0,0.4145099748677336,-1.5356748559575122,13,114,101
431,4.04878053865516,3.881525493876456,0,0.4142257206466049,-1.890166966553776,11,2,9
432,3.801526121750652,4.119280662616436,0,0.4208014827788297,-1.3608936045901272,49,248,199
433,3.310480491861425,3.3638562609905422,0,0.42722573685878507,-1.293657907730294,136,331,195
434,4.723571242027035,4.892230924267265,0,0.43394325405444034,-0.7403337729860613,260,852,592
435,3.746618632559506,3.5414893462871078,0,0.42325879342659173,-1.1467708276689286,68,521,453
436,4.287999086478031,3.817468342196193,0,0.41479743952675774,-1.555111962900955,16,105,89
437,3.0507727113206897,3.3123051947323807,0,0.43861308479022143,-0.9149813665952937,358,749,391
438,4.4319444576947955,4.317847883820303,0,0.42230236252616826,-1.1360007453801195,55,532,477
439,3.054191985006967,3.4439443238658987,0,0.42990079487601457,-0.8660144600797972,185,789,604
440,3.462149593176143,4.343785487197457,0,0.4160138790770061,-1.208867836058467,23,440,417
441,3.039421075508728,3.208217163969148,0,0.43991249845308045,-0.8884641250769241,389,775,386
442,4.599832170746379,3.3570893241086672,0,0.42809655333546215,-0.9981077648408649,149,689,540
443,4.305492215703749,3.476365562093453,0,0.4223584072924283,-1.2486694857906455,57,385,328
444,3.1988827855186903,3.486344381998908,0,0.4249098012722831,-0.9727922827323778,94,702,608
445,4.444533863711318,4.7113929362125715,0,0.4299186745945223,-1.0105732828711371,186,671,485
446,4.660439729133984,3.79436705923691,0,0.4115379992288062,-1.3374656542946686,0,274,274
447,4.336170273141292,3.409968590831642,0,0.42463024400736266,-1.1152178513270177,91,559,468
448,3.5862954605220265,4.79267163704224,0,0.4287763848490483,-1.1995480662267393,165,451,286
449,3.026003847021472,3.171017061708936,0,0.4461815811721826,-0.6063413199207346,517,897,380
450,3.4157725102920544,3.053064407747639,0,0.4392694598250543,-0.8233941147378554,376,815,439
451,3.3628708701795946,4.166083121939384,0,0.4192057424719965,-1.5283723817086172,36,124,88
452,3.8428491011849957,4.78534342215395,0,0.42279186518054557,-1.1835279296893275,63,476,413
453,4.634887123476882,3.683634703395752,0,0.41274597927725487,-1.0370988137142811,7,650,643
454,3.518846866862585,3.759384816334534,0,0.41469703790837825,-1.4370941092479188,14,185,171
455,4.180589885029615,3.5361272816457525,0,0.41804905861639363,-1.300344708380361,30,326,296
456,4.248297815698268,3.818823304382481,0,0.4128238743486381,-1.6253784539321043,8,69,61
457,4.104094361703961,3.8722530582706334,0,0.4149497073442248,-1.796832250918476,17,19,2
458,3.588931519083835,4.896906613924314,0,0.4382648064772152,-1.0966578636707704,348,593,245
459,4.527211588319521,3.280226351532905,0,0.42587097541865077,-1.0317693969099557,113,654,541
460,4.736935951795825,3.9748623964990273,0,0.4184572401927305,-1.5029296735528934,33,137,104
461,4.789104453788183,4.599710511894631,0,0.4320259795470626,-0.8357207639751465,231,805,574
462,3.8504270089384667,3.044938616640235,0,0.4385097488693806,-0.9708886025928711,356,703,347
463,3.537354718769892,4.083268429321734,0,0.41428065505382305,-1.5992479351522153,12,84,72
464,4.2669564396522945,3.515775370866405,0,0.4183735910684536,-1.327692071427288,32,289,257
465,3.2787121481456483,4.6698604735985985,0,0.42370368605683867,-1.0529389343148972,76,637,561
466,4.968804361407104,4.051380364605372,0,0.4363716116266384,-0.986118402825586,308,695,387
467,3.3433585716966068,3.544614653038738,0,0.4141763807692238,-1.092018623703424,10,598,588
468,3.0367813530949332,4.828597613120998,0,0.4323092943183009,-0.7897170886123257,238,830,592
469,3.2355021657802823,4.153032951028507,0,0.4198598973656426,-1.4144726947588997,41,200,159
470,3.548110441374412,4.108356005031586,0,0.419701875510646,-1.4544476588471924,39,169,130
471,4.302840776703729,4.659483607414403,0,0.4290474681692453,-1.1749962079271707,166,489,323
472,3.412842543521206,3.0219916573169607,0,0.4401178006540264,-0.6972897813908785,395,876,481
473,3.2737712601376145,4.80003728369621,0,0.42280550384694576,-1.2535120474449624,65,377,312
474,4.747780155125031,4.194826204340616,0,0.4200304311282783,-1.2406174685549733,42,393,351
475,4.201033720867307,4.330073349092511,0,0.42012595177758977,-1.2317506305051835,45,403,358
476,3.350742557246899,4.82882389184992,0,0.4236594537657468,-1.3476519502065094,73,266,193
477,3.8375410497841465,3.766277056498995,0,0.41473352055492146,-1.467202913335767,15,158,143
478,4.037835410565675,3.09393193355011,0,0.4306456787165284,-1.2134576477947476,202,433,231
479,3.332566737512159,4.476067232852741,0,0.4240865700305187,-1.1090305483955807,77,568,491
480,3.165597335850253,4.206304218932776,0,0.4224110671106989,-1.2011584196506182,58,450,392
481,3.490698219362642,3.778591228083953,0,0.41258376345816156,-1.553630562382149,6,106,100
482,3.5773874735413997,3.7113454329298983,0,0.4187191240408836,-1.2827789832116308,34,341,307
483,4.4380918103684905,3.5942434312463503,0,0.41920474063764895,-0.9675469320154304,35,708,673
484,4.132809280593794,3.9521008043981993,0,0.42010565284086454,-1.8441769647246953,44,4,40
485,4.327342330725296,4.873659478649516,0,0.43491416613828876,-0.9419168844825478,279,731,452
486,4.465144194420501,3.4298807571815138,0,0.42268300638551487,-1.0440828808155969,62,645,583
487,3.0623662701225696,3.5245280885996504,0,0.4273751167319489,-0.9068909925592834,138,763,625
488,4.19015586140051,3.1028516269685005,0,0.43156007206712355,-1.1441436210951959,216,527,311
489,3.992732494402473,4.193685697833779,0,0.4246653685213833,-1.5230618437981773,92,128,36
490,3.668487781633922,4.541824407491644,0,0.42009672038322887,-1.1099275624385925,43,565,522
491,3.2131965062675434,3.1502755634716175,0,0.43817400154861746,-0.9216208992217891,346,745,399
492,4.456377512407206,3.990982632412397,0,0.4171254505728845,-1.5556129439809263,27,104,77
493,4.376804792855472,3.8696546772074925,0,0.4116849809397132,-1.5082016140467838,1,133,132
494,3.4928040664782136,4.6382046353484,0,0.42350300225952187,-1.0990136661424428,70,589,519
495,4.598831757937958,4.389392941708854,0,0.42440611480835966,-0.9140242127236804,86,752,666
496,3.544290274459925,4.180461333738174,0,0.42433740347525684,-1.4709819405195956,85,156,71
497,3.7219477938800534,3.1831641466532683,0,0.4382866951673067,-1.0322994960765186,349,652,303
498,4.834627150924486,3.273637261837923,0,0.43677808814847907,-0.8167065369996283,322,819,497
499,4.900474707641605,3.8920115459159117,0,0.42408692264674835,-1.1952422919192136,78,462,384
500,3.3702658576772393,7.083801894756716,0,0.4351206408982282,-1.5865945634201055,284,89,195
501,4.745891671752816,7.464449772819123,0,0.43558792272605285,-1.2578401432577073,295,372,77
502,4.613122295722899,7.317566733421435,0,0.4302959626421967,-1.1690550940420747,197,496,299
503,4.384553129035705,7.698391303130639,0,0.43835448502251867,-1.3045832358234088,351,319,32
504,3.499336017718372,6.978849927286281,0,0.42625703982261487,-1.5030742517866345,119,136,17
505,3.4424188836392045,7.975336015993294,0,0.46260433501461623,-0.7846018843117926,782,837,55
506,4.8881186793732265,6.078853622737012,0,0.43701616931737103,-0.5887409593897919,325,904,579
507,4.411150345031377,7.850496634831332,0,0.4496866408274708,-1.103124476180922,574,584,10
508,3.361150690254667,7.135890461105259,0,0.43387668578652233,-1.4991607360134038,259,142,117
509,4.830976595176084,6.0678919571715975,0,0.44102946782737595,-0.8029503391132682,418,822,404
510,4.39484053449368,6.594698014745101,0,0.4300151109091294,-1.4477900286761978,188,174,14
511,4.848792390753061,7.9421164903307355,0,0.4560702979166221,-0.7364928579189445,668,856,188
512,4.888532978226868,6.948428433314928,0,0.42260155730819543,-1.3145080360215253,61,304,243
513,4.724085301978627,7.689098797070141,0,0.4422140040893999,-1.1705183096953609,437,494,57
514,3.6382009464865113,7.6578309483013545,0,0.4352656586771885,-1.2145400479235922,287,430,143
515,3.0740152694309852,7.192539756964106,0,0.4436238238054959,-1.0709832603857588,468,620,152
516,3.460017674575406,6.241133771554558,0,0.4364810724916497,-1.2515076218635706,313,381,68
517,3.1539064032584183,7.392577551756279,0,0.44074988999752107,-0.9632348755692797,410,712,302
518,3.6797499275361325,7.449533543057523,0,0.42904982929593755,-1.2469138656695269,167,389,222
519,3.1307126815978847,6.6305806756612204,0,0.4458523639896086,-0.8937490254776974,509,771,262
520,4.078982584750674,7.581446329677927,0,0.4415487402491814,-1.336673827643779,429,276,153
521,3.63750500586414,7.251782752874018,0,0.4340952617362092,-1.4365227060772154,262,187,75
522,4.7719554964723745,7.231726376364609,0,0.4274242269806874,-1.3319767968917047,139,282,143
523,3.4659189495072678,6.048801563113076,0,0.4467698773784725,-0.9000821878371352,530,769,239
524,4.74019774780186,6.0425388217007745,0,0.4406205320678257,-0.8450263034955139,404,798,394
525,4.749403345368399,7.057874268054424,0,0.4207182895455856,-1.5610659835031306,48,99,51
526,4.878135397025792,7.597566471547331,0,0.4401031969397818,-0.9862203068075093,393,694,301
527,4.995868221066675,6.70142363090342,0,0.42578785560012156,-0.6854063978371077,111,878,767
528,4.534376577862254,6.803861827218484,0,0.4256226950751099,-1.2265276847069742,107,415,308
529,3.959751240607818,7.25501092643674,0,0.42848094094629274,-1.4498044958791692,159,173,14
530,4.747354228372678,7.96816693839859,0,0.4571759669155786,-0.7893213084647053,693,831,138
531,4.536546827729037,6.835533564334668,0,0.42456145751520025,-1.2613227854940892,88,368,280
532,3.84271400455414,7.475164603177783,0,0.43261159335616123,-1.3304749680181809,242,284,42
533,3.4775542915366047,6.22094822626279,0,0.43839023278845557,-1.289448625034927,353,335,18
534,3.709244315281553,6.574477983308164,0,0.4392766206081692,-1.1165705013888512,377,555,178
535,3.59261624091198,6.46721550209982,0,0.4467792825202712,-1.1535479871375371,531,517,14
536,3.0841863792727238,6.035747869466828,0,0.45506368295073885,-0.35371083966879,649,958,309
537,4.975444779472063,6.855546267471725,0,0.42467201889995954,-0.9436903613417038,93,729,636
538,3.768653294319363,7.35929456538614,0,0.43885253279561054,-1.2113799199757316,364,437,73
539,3.4365077757301283,7.899922367900451,0,0.45732405927665004,-1.1550809440384429,696,515,181
540,4.572690028831104,6.178822004624519,0,0.43424333979677193,-1.1061350845598503,267,576,309
541,3.8351615515698567,7.758236615124329,0,0.44796115726324837,-1.2837101500065775,547,340,207
542,4.88946404458282,6.9348030224997395,0,0.4214185394940765,-1.304566287064751,53,320,267
543,4.226822778421416,6.334067892184151,0,0.4319860902938734,-1.3628365432334246,229,244,15
544,4.982337252273953,6.463343402766887,0,0.4286527187985165,-0.7817279455201853,162,838,676
545,4.885463548270251,7.299293297984737,0,0.4294087800099653,-1.0439231804587967,176,646,470
546,4.2154735897577185,7.025377022033017,0,0.42499852370457974,-1.6158267603053527,97,76,21
547,3.461339623435517,6.3530560640110165,0,0.43773787091007127,-1.2690245273461955,341,354,13
548,3.4409724181403507,6.372876524288509,0,0.4416874855245062,-1.1457830100319804,431,523,92
549,4.559168947133506,6.70025051833346,0,0.4259568739136825,-1.211438539565182,116,436,320
550,3.1156853531267927,7.938205260281623,0,0.46880471481608604,-0.6684216254539121,850,882,32
551,4.767571769926851,7.855504566390426,0,0.45158114251682907,-1.008206422405058,604,672,68
552,4.989815645292871,6.347790498438974,0,0.4322015964856734,-0.7924033687096719,234,828,594
553,3.7924840378053175,7.516476951408182,0,0.4353794478217512,-1.2849821133501065,290,338,48
554,4.392041236107584,6.30779181267971,0,0.4327241685206374,-1.4138382320981409,244,202,42
555,4.631666249981236,6.448881143673321,0,0.4316098189671558,-1.109141710406654,218,567,349
556,3.447635229645246,7.073948845786827,0,0.43183442235617825,-1.8350645659978473,224,7,217
557,4.185879869683406,7.160172415675622,0,0.4284445923288921,-1.6534724602183486,158,52,106
558,3.1829736747955097,7.754921725260761,0,0.4515231830797567,-1.0480091282051625,603,640,37
559,3.531200085177412,6.259029842565608,0,0.4384798087620541,-1.1202541821155068,354,548,194
560,4.777496159737955,7.911302996459507,0,0.4556739966650587,-0.9344291541027943,660,739,79
561,4.724255234530901,7.619032149449756,0,0.4374473215589152,-1.165127434433109,338,502,164
562,4.3104839612780435,7.101714741218279,0,0.42539286217491423,-1.7154169271996147,105,35,70
563,3.1739735198228205,6.816906426141397,0,0.4427621471010088,-1.0355040267847229,445,651,206
564,3.745377034024628,6.519507567520653,0,0.44604992520699915,-1.2078899169251942,513,442,71
565,4.446840227377169,6.991751470157542,0,0.42217121273496794,-1.5610953753047063,54,98,44
566,3.162092431815296,6.440366403899622,0,0.4461270890301953,-0.9407648348475377,514,734,220
567,4.366517527319192,6.152261718980601,0,0.44185674225044125,-1.0241206221502734,433,660,227
568,4.702413828097537,6.990293054027949,0,0.4242689841280628,-1.5956347792481522,82,86,4
569,3.961173154653296,7.184815569319035,0,0.4242700467315422,-1.5306358981080743,83,119,36
570,4.649361931850298,6.695618415804386,0,0.42814522370641256,-1.0681850431893851,150,622,472
571,4.356032305118127,7.131463927991582,0,0.42704740931364893,-1.6159918951304464,132,75,57
572,3.5340565403388426,7.757259972710316,0,0.44706318727044386,-1.218002658505569,535,425,110
573,4.594852043213856,7.316903669316851,0,0.4284009478964717,-1.258777759902745,156,371,215
574,4.701163458188484,7.734588401919605,0,0.4459426014065468,-1.2203588647128898,512,422,90
575,4.41672595343007,7.674026656727344,0,0.43567296257087607,-1.2270178280486403,296,413,117
576,4.394942923338567,7.360281543520601,0,0.4305352506020775,-1.3208115189775533,200,297,97
577,4.237222756430368,7.505433279115282,0,0.43777285191708776,-1.360455537099568,342,249,93
578,3.3172102105861474,7.761741518397857,0,0.44725464197164766,-1.1409921010247048,539,531,8
579,4.743687055490464,6.058494566069118,0,0.4408758265574169,-0.9274073717539724,415,743,328
580,4.651633501129526,6.25773973494689,0,0.42945241036283766,-1.1184423603985776,181,550,369
581,3.670237708518284,7.4870165125832155,0,0.4293584005002984,-1.329200438246863,175,288,113
582,3.321519792096616,7.635934048238124,0,0.4390290703897721,-1.0685463303654386,370,621,251
583,4.664268355915484,7.014935467521672,0,0.4242651191959787,-1.4533114066428312,81,170,89
584,3.0127717434336674,6.574076266349826,0,0.4562365238376699,-0.5896628384857519,672,903,231
585,4.233853836751484,7.962372356054847,0,0.4592521826736298,-0.9469369203298816,725,725,0
586,4.2636270540333365,6.519607162128319,0,0.4359309027027395,-1.438277533941334,300,184,116
587,4.268011406199223,7.079970759431711,0,0.4263700079985002,-1.7802486184910307,122,22,100
588,4.559690790302287,6.213961277653917,0,0.43176921247924166,-1.2518150095421712,223,380,157
589,4.522055805004056,7.082533157352221,0,0.4202723535784587,-1.5609197321946886,46,100,54
590,4.9259840077179895,6.683744332077373,0,0.4233885400642245,-0.9588504501528019,69,717,648
591,4.265243786267896,7.864056211020035,0,0.4542057973481445,-1.3004319730047165,640,325,315
592,3.2050194559813585,7.874456974472903,0,0.462051894470291,-0.8954290386614105,775,770,5
593,4.375771444601627,6.135674118210344,0,0.4397020300478762,-1.0732441741440861,385,617,232
594,3.6019271338936325,7.416344177290563,0,0.43744677817773225,-1.156496122788841,337,514,177
595,3.1347012029375434,7.164340920352546,0,0.4363676581064934,-1.4076423330342216,307,208,99
596,3.6917661139059135,7.241831035534954,0,0.42915616040988946,-1.386847082656463,171,225,54
597,3.091484067625026,7.7430736123047526,0,0.4541767273696531,-1.0228619561293772,639,664,25
598,4.946977938354793,7.937755710571383,0,0.4532231030837011,-0.5260273157137629,628,921,293
599,4.49930366348585,6.260172480261264,0,0.42696393702890645,-1.1929788623756825,131,468,337
600,7.516526391858045,0.04917383291760302,0,0.49877436473017817,-0.5218685275030024,973,922,51
601,6.0442471030579945,0.6472204382990825,0,0.46252516581497705,-0.7219996540673836,779,867,88
602,6.977286380809332,1.5408148356155864,0,0.4385016905515828,-1.3673352655549325,355,239,116
603,7.366590753213011,0.8918054127534967,0,0.4564251823715219,-1.6006630738642884,676,83,593
604,6.547253332563332,1.9942490003154223,0,0.4530638479428479,-0.6772098484301916,625,881,256
605,6.852362604471946,0.902774048659351,0,0.45821013860914833,-1.653845605144268,712,51,661
606,6.327247642383338,1.5896190974998587,0,0.4362275994386641,-1.1965819953537,305,456,151
607,7.387364451562977,0.4415392255775208,0,0.46380054152653005,-1.2203347521136272,792,423,369
608,6.164762091231685,1.3609986041494262,0,0.44887895396755895,-1.0125011231947267,559,669,110
609,7.309022428562271,0.5465190539964186,0,0.4661207754315961,-1.1239329440483998,816,546,270
610,7.9017271245008205,0.30211578356180047,0,0.488110533159663,-1.0015640814662263,957,683,274
611,6.864669602085204,1.8872318403351978,0,0.44976970198830507,-1.0776384507153738,576,614,38
612,6.839454633852244,1.277051895328171,0,0.4479471896386701,-1.5581300899780333,546,103,443
613,6.795188795925588,0.5484304046973401,0,0.4691389032693507,-1.1100490650473755,852,564,288
614,7.967955295919657,0.818668012630086,0,0.4820926901762358,-0.8671778972581856,937,788,149
615,7.788198407358269,0.45990921178217237,0,0.47005742002244777,-1.162688726970424,864,507,357
616,6.426209408050166,0.06226816576902272,0,0.47832025917748844,-0.6062113400110132,920,898,22
617,7.30333365075177,0.7370526874475223,0,0.4527068335283088,-1.1933246016919314,614,467,147
618,7.728716499679274,0.9464198133831143,0,0.46465378542752495,-1.5295543021942977,800,121,679
619,7.9363868558294435,0.3710510314062423,0,0.479116116789421,-1.17867946334716,924,483,441
620,7.737246335911221,1.5531937055834835,0,0.45994302258726405,-0.9066563562258676,735,764,29
621,7.541843689288104,1.6895664562337753,0,0.45514047249625517,-1.2278927291596626,654,412,242
622,7.522047981885998,1.2524406432628308,0,0.45209838645114575,-1.2457976019248975,608,390,218
623,6.262489755364776,0.06505235898250383,0,0.4765151859425959,-0.7261328471850481,905,862,43
624,7.8416956956313735,1.233300629041476,0,0.4740757977364847,-1.1298282030579894,891,538,353
625,7.593074581952353,0.9630447030251001,0,0.4612344859624256,-1.4893854222958822,758,146,612
626,6.234616377924789,0.2503715844051009,0,0.4662200827524418,-1.115779851590331,818,556,262
627,7.3711305744579425,0.8606117897989254,0,0.46007543445552945,-1.4628584085433873,739,160,579
628,6.401049453400674,0.9831890934828738,0,0.4427412561264133,-1.6614435410856823,444,49,395
629,6.128417874150268,1.1639428038287976,0,0.4464374737192485,-1.1982095842891543,522,454,68
630,6.537986808870196,1.5951182012743763,0,0.4281896469460837,-1.3369074679927517,151,275,124
631,6.6207239178471475,0.9104402981636024,0,0.45056737043058337,-1.5379230471811103,586,113,473
632,6.023241079816201,0.14489377558911776,0,0.47476937723153745,-0.48937777581048825,894,936,42
633,6.784987112813369,0.959877669434247,0,0.45778680418641954,-1.7543368368606553,703,26,677
634,7.200041096238607,0.5833251574186065,0,0.4680034592156656,-1.2784906377834604,835,345,490
635,7.389963772253085,1.7202447943784092,0,0.4491488644179911,-1.3221610982171081,565,293,272
636,7.5597019777867,0.07923765069671429,0,0.4966808835051843,-0.6200764506523031,972,891,81
637,6.961013894515657,0.20986035683634974,0,0.4773785146277408,-1.1627704845872429,915,506,409
638,6.484090031725055,1.973325186534293,0,0.45425146414571954,-0.7364150279313131,642,857,215
639,6.284991085803027,0.9977763069027121,0,0.45010413496537516,-1.598828382552985,578,85,493
640,7.236311468636238,1.404929941088208,0,0.44074173110895043,-1.4510857783977311,409,172,237
641,7.119297366973829,0.01954169483836732,0,0.5008672106904796,-0.6303398509142211,977,888,89
642,6.6529226164879836,1.0354232867694229,0,0.4480364068945031,-1.650001904700821,549,54,495
643,6.175732998289667,0.7012538624183615,0,0.4568421769282427,-1.1056520925878708,685,577,108
644,6.066406217582733,0.1571569943100415,0,0.4714961712361784,-0.611329634934614,875,894,19
645,6.793846552403192,0.2654315080861207,0,0.47724931106615154,-1.067682856674085,913,623,290
646,7.135081696523116,1.3789299382745315,0,0.4456126973715898,-1.5635555589349899,501,97,404
647,7.601173398218165,0.4003004884896202,0,0.4677282653959985,-1.3266106925720371,832,290,542
648,6.33496516451814,0.2091356806688005,0,0.47123796535949497,-1.0575714911736696,874,631,243
649,7.272860499087273,1.4129514529738023,0,0.4429040509086528,-1.3043047047130099,448,321,127
650,6.063172289651284,1.8724244924873796,0,0.45667515055746516,-0.5849293772320283,683,905,222
651,6.103942567302945,1.082592670602141,0,0.45097256490863524,-1.2524435045127449,592,378,214
652,7.418121038901833,1.7419382474921712,0,0.45630619613519846,-1.1882298056115075,673,471,202
653,7.428173864264855,1.6034561661395836,0,0.44624577757049394,-1.335556434749023,518,279,239
654,6.678900385085612,1.6296502274930245,0,0.436739711081108,-1.389724965546225,319,222,97
655,6.1602296927693505,1.7896333121210553,0,0.454775921279233,-1.0002234490232462,646,684,38
656,7.095184752307473,1.6345955399249874,0,0.4412963867041549,-1.6326719447398488,426,63,363
657,6.9046365690366,1.28715539039305,0,0.4471839543734997,-1.4993971832723427,537,141,396
658,7.052805321872226,1.4631790435106637,0,0.4386637625375734,-1.4428702442183292,360,179,181
659,6.163259964061179,0.1207041679811276,0,0.4733495057381446,-0.9093021222743345,888,759,129
660,6.494206468020293,0.3190893602263767,0,0.46339604868681206,-1.0564974188020018,787,633,154
661,7.743567133184404,0.43842797471608863,0,0.46919683370249476,-1.3201534972947075,854,298,556
662,7.951730511638263,0.6737915835422137,0,0.47586268782709396,-1.0241045079476923,900,662,238
663,6.364235831377399,1.5793970142849583,0,0.434324135721769,-1.1957665123966352,269,460,191
664,7.317415551001752,0.996391432906278,0,0.45662728272351766,-1.6576842417673983,682,50,632
665,7.110727101875263,1.4384035565445277,0,0.43889327533483885,-1.6334576256918258,365,61,304
666,6.4569094826625975,1.9926678321134839,0,0.4513106267262079,-0.7131758015042036,599,869,270
667,7.949586324293566,1.3006513726938738,0,0.477454456948697,-0.9011327526663695,916,767,149
668,6.3990849018582905,1.3604564848625826,0,0.4368098360187013,-1.1075874619352701,323,574,251
669,6.144396817958352,0.06130500441161213,0,0.4826558999762419,-0.5629526887648604,938,913,25
670,6.515365777022428,0.9252459134786326,0,0.4489907681221564,-1.6528097331932088,561,53,508
671,7.736545010816761,1.454338139532616,0,0.4614969714027902,-1.0577583358817924,764,629,135
672,7.485413042399962,0.8509866688961507,0,0.4580987136768158,-1.4107128815580015,709,204,505
673,6.691869985093926,0.7420775259692054,0,0.4545439316826942,-1.1676481023596508,644,498,146
674,7.975299127472116,0.08021838282496496,0,0.5238535629598758,-0.23192519896135377,985,970,15
675,7.734062992244898,1.1573508171447868,0,0.46503708988808823,-1.2692673728744208,803,353,450
676,6.877230838379181,1.450515320830273,0,0.43532892246287386,-1.5263353806486437,288,125,163
677,6.973337882849406,1.7468464761633211,0,0.4485761739183107,-1.3303097301619609,558,285,273
678,7.8014037280225175,0.8434418537469108,0,0.47018145866493166,-1.1957063826415153,865,461,404
679,6.553655594470103,1.1847006571867245,0,0.44297688544323816,-1.4612021799927506,450,161,289
680,7.824726691233382,0.42132437801133316,0,0.47691438069052267,-1.2236473246369108,908,419,489
681,7.245933167126966,1.263120440185041,0,0.4470220551795708,-1.4852250495002584,534,149,385
682,7.466226044830562,0.2631353702545196,0,0.47550677798975977,-1.0034459670099767,897,679,218
683,7.431649929364177,1.818065041331282,0,0.45450209518050666,-1.0841856546349051,643,606,37
684,6.359366217740484,0.4750866498477553,0,0.46227208359345856,-1.134082568007413,777,533,244
685,7.942790188083279,0.36195390541897954,0,0.4796666109033792,-1.1171407102833193,925,553,372
686,7.708770186739159,0.9845557128960696,0,0.4697127059636234,-1.399606498948116,855,216,639
687,6.494462148806354,1.7414998025450228,0,0.4406558863225453,-1.1676299556111407,405,499,94
688,6.890610510005331,1.0296347078593804,0,0.45129965674087336,-1.8063479877957094,598,13,585
689,6.718466738799531,1.1859017028698549,0,0.45269339346704773,-1.4101149595589364,613,205,408
690,6.327047745170045,0.7821630733035214,0,0.455772976262223,-1.1943126518755687,663,463,200
691,7.938824644670575,0.5162668654022551,0,0.47996521421321836,-0.9942640262737148,926,690,236
692,7.313473329082584,0.6503801284493897,0,0.46337797486075233,-1.2118114583584343,786,435,351
693,7.5469462513732015,0.26174732143669965,0,0.474327614665411,-1.1077953546655963,892,572,320
694,7.93964209015709,0.9075790827672785,0,0.47465417665120824,-1.248452610075928,893,386,507
695,6.472100926692928,0.14699349466002531,0,0.4733214430154518,-0.8021123720276178,886,823,63
696,6.339515810175081,1.0395478971120353,0,0.44587097565742934,-1.5724354368500997,510,95,415
697,6.674006352862572,1.657766731765219,0,0.44048399612223627,-1.4058011260695076,399,211,188
698,6.861775047323611,0.4974285451752598,0,0.46549530474650896,-1.382275876627567,809,229,580
699,7.23428997320806,1.4135544337708916,0,0.44113038977486196,-1.311400417223215,420,308,112
700,6.3340838158018995,3.3352384325766353,0,0.4320000640565769,-1.1936525808681715,230,466,236
701,6.073342853867086,4.472804030131281,0,0.439594085047592,-0.9424735269170543,383,730,347
702,7.32760905524361,3.9492617514996278,0,0.430626977114382,-1.6460852998191755,201,56,145
703,7.688340897938394,4.611340305900106,0,0.44453538434286793,-1.1536865368589653,480,516,36
704,7.170708728793504,4.736542561026518,0,0.4389676287371662,-1.4351390036196872,368,190,178
705,6.411682420073537,3.2238392387954558,0,0.42125113795069363,-1.436529553834831,52,186,134
706,6.539499223033979,3.11417371217863,0,0.4283681314156523,-0.9985257753343071,154,687,533
707,7.062339056002064,4.873211384589923,0,0.4446229896547367,-1.2931023925249066,485,332,153
708,6.078687081337019,3.2442198280200536,0,0.44522608547151654,-1.1043584250690768,495,583,88
709,6.904398056566871,4.86775003505581,0,0.44010866946572347,-1.2391565836021035,394,397,3
710,6.632312209953501,4.014469617376784,0,0.42280381414438317,-1.610743528668158,64,78,14
711,6.083145718100784,3.2966864019241777,0,0.4458437108519579,-1.0987115218717394,508,592,84
712,7.973260245917694,4.930237392872091,0,0.48193701569638486,-0.5624101739386702,934,914,20
713,6.009879961868819,4.903623570846478,0,0.45317909665528877,-0.42988329977114015,627,945,318
714,7.278239875631001,4.735836589040044,0,0.4415289524372609,-1.3870014798153112,427,224,203
715,6.909479711267718,4.031192057158501,0,0.4236916888006851,-1.7029822375305512,75,37,38
716,6.977693160513841,4.333728515092209,0,0.42591851697751115,-1.6127546435271154,115,77,38
717,6.279302509512625,3.0599471797453557,0,0.4500066886551077,-0.7746731075437643,577,840,263
718,6.615859883182382,4.409361525473294,0,0.4294260656224611,-1.3057663630934853,179,318,139
719,6.4037069042458965,4.346864866649835,0,0.4209706596992971,-1.431681804594271,50,191,141
720,7.939824092214541,3.187801431578837,0,0.47188507084115766,-1.0056032048406012,878,675,203
721,7.345204236450252,3.887500438609142,0,0.4264675930622641,-1.573142972375095,123,94,29
722,7.736284508755011,3.354299578894772,0,0.4569861051409232,-1.247656457765399,688,388,300
723,7.385251904452329,4.67623057929622,0,0.44000187944159846,-1.3429730380440512,391,268,123
724,7.889228438948047,4.366496056579292,0,0.4581991655090949,-0.9693031929524034,711,706,5
725,6.994349528016855,4.235694480402428,0,0.4245317238036046,-1.5395508066421972,87,111,24
726,7.7378099689574364,4.141219493277659,0,0.4489124214076903,-1.3963114850315468,560,217,343
727,6.060774119393674,4.861897391013955,0,0.4491322271126428,-0.7224604465928035,564,866,302
728,7.3790535020631225,4.353026771554493,0,0.4276774845229238,-1.4802854014777345,144,152,8
729,6.431350304795434,4.317770940465314,0,0.42247579020433373,-1.4025053960796665,59,213,154
730,6.787728811308317,4.302465954082984,0,0.4249751044752267,-1.5286815992293858,95,123,28
731,6.213186060615982,4.315690609206072,0,0.43803165431271524,-1.2313912537563083,345,405,60
732,7.998827451541333,3.096424077721112,0,0.49137704770017054,-0.49917599427719384,963,931,32
733,7.954348368442634,3.813815921445741,0,0.4521285013900152,-1.1567196871767012,609,513,96
734,7.741506900674518,4.564770968116547,0,0.44971941981713154,-1.1013691183473218,575,586,11
735,7.134032521973335,4.476898418502653,0,0.43194474794640336,-1.5934000232002679,228,87,141
736,7.757031122602696,3.8082806433020657,0,0.4456856549552933,-1.3362137449113773,503,277,226
737,6.654066323126477,4.335186771127169,0,0.4245841360488602,-1.368151007662716,90,237,147
738,7.615691883882517,4.524570269553232,0,0.44477273506625487,-1.3173099090047984,490,301,189
739,7.595627297717269,3.8711666296258658,0,0.42941664734475166,-1.4963668748365553,178,143,35
740,7.635668432350043,3.240418110741217,0,0.45279497736470553,-1.3098379181520414,618,310,308
741,7.088978195921699,3.0115173209962434,0,0.4579092287339511,-0.946985546942247,704,724,20
742,6.64917165980054,3.732923069742796,0,0.41642810085880505,-1.3424822411892263,25,270,245
743,6.79234538321851,4.390934413379725,0,0.4267983788154917,-1.4674806764240125,129,157,28
744,6.777116202540691,3.8973872452450613,0,0.4211520114293518,-1.568801315469218,51,96,45
745,6.475088261748655,3.74650358325868,0,0.41618963864386443,-1.3614232972491709,24,247,223
746,6.454539254526303,3.1463918475368873,0,0.42759887266724717,-1.1965870353761447,142,455,313
747,7.206897186762756,4.336425597110033,0,0.427054355174071,-1.603926324010212,133,81,52
748,7.238980692019229,3.9269880876011447,0,0.4272718611330312,-1.807581657228631,137,12,125
749,6.759571560358459,4.72666729914365,0,0.44340757303324274,-1.1246127967481168,462,545,83
750,7.038163570272436,3.958363755259462,0,0.4267238347656809,-1.8200284797213264,126,8,118
751,6.051284131612872,3.6824956552523127,0,0.4373176087875384,-0.8800974543873128,333,781,448
752,6.760391237571714,3.797645561793801,0,0.41833465841760925,-1.4309061091330548,31,192,161
753,7.160344738454665,4.067205093453757,0,0.42788812753556027,-1.7304102800239627,145,29,116
754,7.215810185586889,4.529766523084256,0,0.4290797158275361,-1.4077449700460916,169,207,38
755,7.625971477432187,4.436246152452989,0,0.4426507005249218,-1.3772870974850622,443,233,210
756,7.91104739190987,3.0364651653527233,0,0.4839181914758181,-0.5151296052534671,945,924,21
757,6.391555971367092,3.015125749956284,0,0.43510201185964886,-0.7871881911599659,283,834,551
758,7.294949428309206,4.796061097899974,0,0.44370193918047623,-1.30673869004732,469,314,155
759,6.4869645931525985,4.854069089592613,0,0.44508431134324133,-0.9987828162894403,494,686,192
760,6.1205347805791215,4.868872053611028,0,0.45042320665648516,-0.7555095088602801,581,846,265
761,6.703245374479269,3.202841656898433,0,0.43009144616039957,-1.3521708673674988,191,262,71
762,6.9717435183726515,3.5135531354410157,0,0.4353325878595535,-1.3428851603766545,289,269,20
763,6.569745803923846,3.614579929852573,0,0.4151269946361261,-1.17568101962362,18,488,470
764,7.606051795665326,4.0783225533505085,0,0.43834828771001083,-1.528741942182699,350,122,228
765,6.622615398312007,4.220667566621836,0,0.4245686849917583,-1.378429640362664,89,232,143
766,7.432301348446387,3.5452480014670673,0,0.4347578697847761,-1.131210552693676,277,536,259
767,6.827098203050703,3.243772186673895,0,0.4274811650884951,-1.2559015924177568,141,376,235
768,6.362298699069361,4.362235707929965,0,0.4309520877584983,-1.361819789106793,205,245,40
769,6.362876695391254,4.05032676733412,0,0.43227949296598056,-1.357788016025217,236,255,19
770,7.418092523444866,3.213753846189488,0,0.44733414545013944,-1.2167449881512344,542,427,115
771,7.1346244392578075,3.5131255674027275,0,0.43987019677618167,-1.5023669604109826,388,138,250
772,7.925853750475159,3.9670912934398492,0,0.455065553290648,-1.2645298168921384,650,363,287
773,7.611985099550316,4.100453084312523,0,0.4419935780873651,-1.626346938445614,434,68,366
774,6.086825065709638,4.266302751188045,0,0.43907735124442876,-1.0251064488817043,373,658,285
775,7.902806684413314,4.203223640292663,0,0.45717028738818877,-1.0817922239831348,692,608,84
776,7.63837771885358,4.768412926696816,0,0.4551664485509485,-1.3570026032662823,655,258,397
777,6.456159543897865,3.4240896798164533,0,0.41543900393314676,-1.2601060409665243,19,369,350
778,7.221961977701984,3.822056939613409,0,0.42430358078133124,-1.5812977529050665,84,90,6
779,7.67972260573344,4.800046246796022,0,0.4572738213548329,-1.1959685653527097,695,457,238
780,6.706842758605436,3.473741117948964,0,0.423546925359245,-1.085451123728837,71,605,534
781,7.561051030487723,3.549612071096272,0,0.4359994878882629,-1.1252084319881148,302,544,242
782,7.6452286370273566,3.8474765072975257,0,0.4345279929310008,-1.552807317427093,272,107,165
783,7.335099798582941,3.1910706276693364,0,0.4527891036795136,-1.2069205190469496,616,445,171
784,7.247718649353146,3.9035353574744582,0,0.4292819844166532,-1.6947514696911146,174,40,134
785,7.173216926350948,3.336028415489727,0,0.4432789044720449,-1.4816932356871786,458,151,307
786,7.473747489888364,4.725594155086457,0,0.4457488144086531,-1.0034725819835373,506,678,172
787,6.433479600181551,3.1914291110403235,0,0.425814636285289,-1.4458446947952561,112,175,63
788,6.047277172092673,4.2839430008865325,0,0.4393425876084683,-1.055819253238914,378,635,257
789,7.214188072177562,4.09339482542814,0,0.4251061910160206,-1.8035790808333614,99,15,84
790,6.463894192231951,3.781811991811029,0,0.4174207546829177,-1.4768708420639909,28,153,125
791,7.1889526703723465,3.9935337177183388,0,0.42576557444580715,-1.8047056835807287,110,14,96
792,7.975571040429775,3.2728795051134663,0,0.4697551547276722,-0.9676391216884233,856,707,149
793,7.390289108095187,3.8086375362085843,0,0.42499104531728055,-1.4853134391719434,96,148,52
794,6.856399229851229,4.435195531316353,0,0.4257550921281631,-1.50597776795746,109,135,26
795,7.3848723026487395,4.982511987404377,0,0.4590642253646272,-0.8402124130972703,722,801,79
796,6.2567885789082505,3.2082192987683325,0,0.437272529797973,-1.2011966642558494,330,449,119
797,7.448677634257482,4.156773834012818,0,0.4287471206558136,-1.409015327676114,164,206,42
798,6.5483213331196115,3.158838737977973,0,0.4276576741747111,-1.2968930617366938,143,329,186
799,6.171316499192861,4.788381749328236,0,0.45077470249190604,-0.8282389042771228,590,811,221
800,6.383734649437486,6.646743124231041,0,0.4282827726384006,-1.4130369720995364,153,203,50
801,6.453312804453976,6.709992611663875,0,0.4270885762997654,-1.2509715479995798,134,382,248
802,6.138847685492187,7.038119581816541,0,0.4267256709873077,-1.7907295085000214,127,20,107
803,6.13522512718443,7.600713015644724,0,0.44159229046418075,-1.4411729819249728,430,182,248
804,6.467424163820866,7.080023829209021,0,0.4301781711287911,-1.7281645314667329,193,31,162
805,7.760158175122917,7.301754738094388,0,0.4685215990894533,-1.3360191060016966,847,278,569
806,7.065915573102671,6.648667506230751,0,0.433692245741749,-1.6473565552701293,254,55,199
807,6.666003826116396,7.33897391039638,0,0.4394072153605199,-1.445267653740943,381,176,205
808,7.988278722442335,7.323678379698757,0,0.4886179944182983,-0.9019658942449751,960,766,194
809,7.11556683474005,7.461301020478492,0,0.4450235690525786,-1.489765441103943,492,145,347
810,6.930411224567436,6.12028468520157,0,0.4408316718148333,-1.1829973719963949,411,478,67
811,7.12459363175582,7.915250569010761,0,0.460584462371651,-1.4141266558142989,748,201,547
812,6.3506058847153195,7.3800097816413315,0,0.4389668991195579,-1.3385918588634378,367,273,94
813,6.401867377318113,7.071655368946162,0,0.4305259993748076,-1.8150384505066928,199,11,188
814,6.193352899293439,6.90074187251637,0,0.42987422858136554,-1.624713639653883,184,70,114
815,7.512326657790492,6.695143048477965,0,0.445513220080456,-1.1958002881580994,499,458,41
816,7.329823448974436,7.590899921579458,0,0.45302466002165065,-1.3617266364362037,624,246,378
817,7.854355638958905,6.469284163710907,0,0.46844289891821295,-0.8475716687551937,842,796,46
818,6.798631831618616,6.304832026660835,0,0.4329876912016109,-1.2589482046683202,245,370,125
819,7.984967004316751,7.854001935848591,0,0.5003892725404049,-0.8345008878525548,976,807,169
820,7.079914260561119,7.6840665887528425,0,0.44565213983052804,-1.8030675432829248,502,16,486
821,7.041915954544084,7.24717137600552,0,0.43461484392593486,-1.8434787179591843,273,5,268
822,6.1782488642320335,7.510540840993616,0,0.4476662383904767,-1.2816426593985928,545,343,202
823,6.25542696727047,7.652135260505057,0,0.43448817753594643,-1.6169737200738559,271,73,198
824,7.564056175340772,7.417489395485953,0,0.46374329737577324,-1.1477631540239228,791,520,271
825,6.072320761049524,6.606256711890657,0,0.4341990393517022,-1.1182649151028428,266,551,285
826,6.526225139821686,6.720272814943038,0,0.4254001104970469,-1.3037418223519026,106,323,217
827,6.175285493527677,7.873915646062126,0,0.45411979110795897,-1.2966811665624833,638,330,308
828,7.107604481424753,6.611048621316047,0,0.43118524664859137,-1.4585114646787396,209,164,45
829,6.793963034148566,6.894405081009671,0,0.42365093151436334,-1.5345360769443936,72,115,43
830,7.201188666721235,7.0313588553929955,0,0.43948588439385416,-1.630403495109082,382,64,318
831,7.838783946428835,6.99392696581166,0,0.4707235975789269,-1.4428192450532764,871,180,691
832,7.984316029646625,7.702849915490192,0,0.48590045692463,-0.9913001021874379,950,691,259
833,6.417021028714672,7.8611904292878325,0,0.44831025548899384,-1.1842740209481515,554,475,79
834,6.232732795770952,7.634899416982384,0,0.4349685091527095,-1.5299163766642767,280,120,160
835,6.76124658695316,7.755948640890139,0,0.44644469118233027,-1.401370974834685,523,214,309
836,7.736113380214901,7.611850800235242,0,0.46130967880936746,-1.2763742169523669,761,348,413
837,7.580060872614123,6.609358278196082,0,0.44726866562732953,-1.2900532522280592,540,334,206
838,6.161838566102505,6.8059603575303225,0,0.43646930079629476,-1.435844387609368,311,189,122
839,6.347049029973017,7.389902177804924,0,0.4375283245809745,-1.2378086335772394,340,399,59
840,6.692199453075571,7.95122040171983,0,0.4587481311304563,-1.0733734852020125,717,616,101
841,7.281944154690664,7.644961127268722,0,0.44943780464108807,-1.55903019140038,570,102,468
842,6.265049345483697,7.724028964545245,0,0.4383605211395212,-1.5150924922023252,352,130,222
843,7.845514381026788,6.974123837637872,0,0.47022950151730103,-1.3631303539661666,866,242,624
844,7.212505875501955,7.529619601805991,0,0.44927115459972494,-1.3827787405642913,567,227,340
845,6.3496772545208255,7.005132152926885,0,0.4266718988538997,-1.7418341302715707,125,28,97
846,6.797326055544627,6.292747984324498,0,0.43550079123554186,-1.26849614895976,293,356,63
847,6.735068844583063,6.136344618770988,0,0.44089385904168205,-1.1577473268458531,417,512,95
848,6.051623813898974,6.270332578309645,0,0.44935287113051764,-0.9030663797463168,568,765,197
849,7.926230223178347,7.099059071790034,0,0.47315246810167333,-1.4530541818483798,883,171,712
850,7.93164432230644,6.864995756660264,0,0.47333698212898256,-1.3097068920147037,887,312,575
851,6.623632266170519,7.012283725680488,0,0.43018004152234457,-1.5345271776182465,194,116,78
852,6.8790233772658205,6.211329368523488,0,0.436382945902056,-1.267984549162188,309,357,48
853,7.281652629380412,6.432076365019199,0,0.4446112132617365,-1.1167147196826805,483,554,71
854,7.239175909795659,7.300402184796306,0,0.4472531768150018,-1.4599449367066013,538,162,376
855,6.304049706257296,6.122699254221336,0,0.45012143113727004,-0.9147790858473062,579,750,171
856,7.56152317213688,6.91960084753864,0,0.45316837550997724,-1.6065464083013365,626,80,546
857,6.116327591010951,7.989732634339534,0,0.4660237247662951,-0.724332394302811,814,864,50
858,6.115561121992734,7.390070457717107,0,0.44085247902048824,-1.1142007378880816,414,562,148
859,7.967357850526827,6.478360208431852,0,0.4736072505404557,-0.8827303670544098,890,779,111
860,6.284498737374392,6.242769878844857,0,0.44457977944054483,-1.1633906574872976,481,504,23
861,6.606550295135191,6.202091622021293,0,0.43907074764195797,-1.1260005874363377,371,543,172
862,7.384322683388264,6.124583596260125,0,0.4514950352355784,-1.0053116299689786,602,676,74
863,7.018844256299579,7.993393707705954,0,0.46636044736046695,-1.1682565707750632,819,497,322
864,7.627940539012037,7.2304388764620215,0,0.4583168243841423,-1.4551680796993085,713,167,546
865,6.612507241573224,7.247791672583277,0,0.432453725689829,-1.4995469790647444,241,140,101
866,7.054082927823304,6.8521667677807425,0,0.42997832154325005,-1.8023409076679746,187,17,170
867,6.261420753480399,7.773208430480933,0,0.44083308505068913,-1.3764880399659778,412,234,178
868,6.899569297642645,6.38924502364153,0,0.43724862064293074,-1.2257407097219168,329,416,87
869,6.735518701754579,6.828259505057854,0,0.42804566017749085,-1.3997787340344736,148,215,67
870,7.655075791133749,7.467228761122804,0,0.4636551465321055,-1.1288394599224674,790,539,251
871,7.538609787282679,6.022062528857294,0,0.46395603642787,-0.7110999777145381,794,870,76
872,6.832307996359523,6.962688303270648,0,0.4294116161864543,-1.686554404035003,177,44,133
873,6.038384553646114,6.519626417490068,0,0.4390213723196811,-0.8475257781036596,369,797,428
874,7.52057964624427,6.274219411457998,0,0.4510454257102765,-0.9698985544361647,595,705,110
875,7.070620262905184,6.430403744034475,0,0.43907436065824956,-1.318260618567622,372,300,72
876,6.024241549287787,6.482402915199083,0,0.43961361114765013,-0.8008844345296879,384,825,441
877,7.951747509820107,7.603074223765979,0,0.4783658939769007,-1.2628920806713024,921,365,556
878,7.919153288642066,6.975708087852725,0,0.4697843576543408,-1.35741119943062,857,257,600
879,6.219472397355007,7.095918977947386,0,0.43386663747781096,-1.7767958826239134,258,23,235
880,6.908754669119922,7.688714165479232,0,0.44058826366287973,-1.577857042939931,402,92,310
881,6.196165161568489,6.976482274043557,0,0.43124987366669637,-1.7276754776961956,211,32,179
882,6.3000973293879685,6.64935185378012,0,0.43461932188074365,-1.3850038519955583,274,226,48
883,7.474714154775599,6.952036258737533,0,0.44693695695473085,-1.4416742682668167,533,181,352
884,6.751776570291539,6.788952557140071,0,0.4259043186022901,-1.3514276258429372,114,263,149
885,6.918893536811973,7.570033087674114,0,0.4432875698133041,-1.5138988129774185,459,131,328
886,7.784169377880469,7.910669373007856,0,0.49495023320807435,-1.0026880697705138,969,680,289
887,7.57380677251059,6.630813791496026,0,0.4463151026134752,-1.362907199331747,520,243,277
888,7.376269412173084,6.875206248110784,0,0.4457052697892664,-1.4716343986495164,504,155,349
889,6.509341244092102,7.681743158851845,0,0.4439810669288635,-1.3809911232463659,471,231,240
890,6.07685269792465,7.803523984270847,0,0.4505792844482474,-1.1049049000530466,587,581,6
891,6.922954929249468,7.274402953616561,0,0.4356829999554925,-1.6303848322779952,297,65,232
892,7.318707844411565,7.790235481413073,0,0.46254309183072406,-1.2223861304769645,780,420,360
893,7.273339364334415,7.227867169520124,0,0.44311077840399943,-1.4400027619255824,453,183,270
894,6.13330408112138,7.036816043890408,0,0.4267256709873077,-1.8194813592534906,128,9,119
895,6.300338001634083,7.474867537442972,0,0.4434847562335171,-1.2843863809079061,464,339,125
896,7.024443841625349,7.360455558416707,0,0.44172033518264503,-1.7285760387991744,432,30,402
897,6.083345801204769,6.169584032091606,0,0.4540128965024825,-0.9327473725380022,636,742,106
898,7.432646776125365,6.144168671997347,0,0.4496321085241004,-0.9411786518503709,573,733,160
899,6.142513455530517,6.024216950469775,0,0.46127473080734416,-0.8376407648377875,760,802,42
900,8.60851258469532,6.637575235131062,1,0.5413562201509903,-0.3794411831998701,988,951,37
901,3.1792626765185776,2.668820231588897,1,0.4681845733183539,-0.0289254648502677,838,982,144
902,3.147329067712646,6.971881780630636,1,0.4360330116323087,-1.313011338390024,303,305,2
903,5.95233549963373,1.6667601108072114,1,0.4519667444701221,-0.728536352983326,607,861,254
904,1.5669840180067591,0.8855608474205758,1,0.4677485153249735,-1.205365221098377,834,446,388
905,5.942724477312043,6.8793539599956235,1,0.4412729842281149,-0.9643087460550959,425,711,286
906,2.385417854925036,0.1885046492782153,1,0.5088769762319122,0.24547549952457715,982,989,7
907,0.7395450072878461,8.710740313605275,1,0.5977146258080176,-0.15642998432548771,994,978,16
908,2.659002997296782,6.923008330543203,1,0.4660394620910473,-0.43570225656104955,815,943,128
909,5.621972119688374,3.4374567568760632,1,0.44588176657901596,-0.3649427020746385,511,954,443
910,1.851185359759996,1.0924777634346579,1,0.45144989626533644,-1.2204828127980947,601,421,180
911,5.5351167123498,6.971704025740092,1,0.4374122706684148,-0.733968956093072,335,860,525
912,5.795138281870176,4.772719199242425,1,0.45643540662117826,-0.381948652759033,677,950,273
913,0.3775610108847264,8.716398998349455,1,0.6083337255638829,0.0027534660500287966,996,983,13
914,7.188427724891171,2.6353983303086825,1,0.48282119283145725,-0.49662689980899266,940,932,8
915,8.819732964229656,5.416934306726899,1,0.5993031240689562,0.643922756919672,995,999,4
916,5.241803923865218,6.732658614865789,1,0.44057776580400665,-0.3578637542061849,401,957,556
917,7.305928092811238,5.9083074659835235,1,0.4619031635815361,-0.5811251681787193,770,907,137
918,1.1528617172958002,3.0444075539504856,1,0.45904925275570807,-1.045695478603108,721,644,77
919,8.352752762934447,2.0215405065946674,1,0.5338256488826759,0.20410349836648845,987,987,0
920,3.34950321453762,3.888691946497764,1,0.41228236028174353,-1.6977435689101208,5,39,34
921,3.95464490725007,5.5164562424507295,1,0.4806148748660117,-0.47169171439226965,931,937,6
922,8.487682539702368,2.1662344064925447,1,0.5427546397638789,0.41207949815069544,989,994,5
923,1.0935123867082626,1.7772344087394358,1,0.46648538128635875,-1.1609338211504907,820,510,310
924,7.9823241018834254,5.812297313896854,1,0.49374431616811615,-0.05204712757477914,967,981,14
925,2.573161103152441,7.343522450717555,1,0.46574461438270864,-0.2502831862808188,812,965,153
926,7.752329967270924,7.618629048212503,1,0.4642647296009431,-1.2315200925019405,798,404,394
927,8.27033880275599,2.270169181560254,1,0.5470715207787309,0.38626587714987226,990,991,1
928,6.795377358716505,4.14485547546726,1,0.4241933826680066,-1.5591736217399959,80,101,21
929,7.577986976010553,6.5564160944545185,1,0.4482604176358393,-1.2395886294168172,552,396,156
930,6.9880270184975215,5.905456539129643,1,0.45638428524477453,-0.7360678483063585,675,858,183
931,1.596858925227362,4.905242270072445,1,0.43821844307767677,-0.7878125582257158,347,833,486
932,8.862027655720574,8.43649259847407,1,0.6414607693004728,0.48013467054461,998,995,3
933,0.388563622173105,1.4833333415649341,1,0.47209072965874266,-0.8654505656023073,880,790,90
934,1.1855589610910573,6.53381918986766,1,0.4465372408192407,-1.3080852265274139,526,313,213
935,7.360067968712506,1.9216022967960473,1,0.4587291774153734,-0.7931319405592709,716,827,111
936,4.552674236566461,7.5663272521008,1,0.4341893514858939,-1.1700768113261768,265,495,230
937,6.595213902896255,4.880134849426635,1,0.44651050176304824,-1.1088698753589048,525,569,44
938,5.313129214128956,4.57524492224652,1,0.4446596559956938,-0.12169638841991026,487,979,492
939,2.677936061869385,5.085197935731145,1,0.48000821151520545,0.37615934085352143,927,990,63
940,6.199967718450816,7.859906242747269,1,0.45279279468726075,-1.3302910429986685,617,286,331
941,5.726622185813232,6.850093833388422,1,0.4412381994274731,-0.6237266930013075,424,890,466
942,1.440644714591157,4.154017269778109,1,0.43131155839226093,-1.2478214364308688,213,387,174
943,0.08398457844383966,2.220109780694607,1,0.49647752377378684,0.08585924866165395,970,985,15
944,6.5381554360170435,8.926289562144271,1,0.6149933952399244,-0.26591923727236755,997,963,34
945,0.8926028962849432,3.6134488427515943,1,0.44307008136721543,-1.4235714125991947,452,196,256
946,7.200638718292436,1.8363207116600897,1,0.4542168481621864,-1.1152700885902678,641,558,83
947,4.995764543720576,6.597641664267073,1,0.42535043834521036,-0.8226497685539809,104,816,712
948,5.543869052341611,1.692222611538745,1,0.4698663528938183,-0.26953359537170263,859,962,103
949,3.1984611181716547,7.054126060368575,1,0.43548001841996425,-1.4293963342127967,292,193,99
950,4.98803862718815,0.04706652188621463,1,0.5033071446390338,0.395413433158433,979,993,14
951,6.848916840252844,0.31780219446215163,1,0.4716829840449003,-1.2153714883545361,876,428,448
952,6.711604044581089,1.8223250414871366,1,0.44763301366548663,-1.0910176300280683,544,600,56
953,8.622661321074421,3.3114667617187603,1,0.5308172168426302,-0.36933413164841844,986,953,33
954,2.942384547042712,1.3399924529920022,1,0.45075462582564785,-0.4466036103550046,589,941,352
955,2.750437939411934,7.889856856453805,1,0.4835004294870537,-0.24286544390137133,944,967,23
956,8.967009038645227,3.314785774561635,1,0.5738450878161149,-0.1672276281062135,993,977,16
957,4.037495678590883,6.498638443824634,1,0.44023180989712635,-1.4546105564976837,396,168,228
958,7.975762024185671,5.337399007681057,1,0.5050594654499778,0.09625897034593567,981,986,5
959,3.523731283600464,3.7135965676376137,1,0.41182393696967795,-1.321268953500132,3,294,291
960,6.260563318471262,0.028964372438508135,1,0.488139728513246,-0.49243367050502496,958,935,23
961,5.576304037138566,3.1994370939722163,1,0.4537196985042612,-0.37175524297147966,633,952,319
962,7.1477759814937585,0.8369157584081894,1,0.4579101927828789,-1.42595816186022,705,194,511
963,5.2938204025355144,4.328756008975113,1,0.44481309923621215,-0.2329951728593993,491,969,478
964,5.780929733147047,0.5836823503467151,1,0.47728829894727826,-0.3075813343981926,914,959,45
965,5.219854086853181,5.053361291635714,1,0.46913667028713024,0.24105820175019532,851,988,137
966,5.045940849745539,5.431388999368093,1,0.4937652877609534,0.3883211178074474,968,992,24
967,6.08821143503726,7.244900997126928,1,0.4355312928571653,-1.312070337965746,294,306,12
968,2.428386481153929,7.425444691620559,1,0.4652126980384563,-0.1971969918150689,806,973,167
969,4.484301140371082,0.6935245122089805,1,0.45566255213353624,-0.8760465512130429,659,783,124
970,0.5269583631958128,3.008144868264547,1,0.4683621115958014,-0.4660613555711921,840,938,98
971,7.0640727940032075,6.369128412668242,1,0.4404446432778823,-1.3166050197756762,398,302,96
972,7.097534682051658,4.655421507974484,1,0.43114927240255047,-1.2720250247572427,208,351,143
973,3.961790981599415,1.3270727403565554,1,0.43165624008205444,-1.4072750450074518,219,210,9
974,2.953734782483804,3.9061742955648775,1,0.4436029205934175,-0.9345553269227396,466,738,272
975,0.7974038671165551,1.9855075744009012,1,0.48283169604703163,-0.582914696079462,941,906,35
976,5.384027646573649,6.620968028152708,1,0.4352011704499159,-0.2944349255774943,286,960,674
977,8.985127602536547,8.39801998209202,1,0.6466002138605776,0.6262698299608194,999,998,1
978,5.783086795816724,3.791232479646648,1,0.44111851258077184,-0.7015035619419958,419,874,455
979,5.725596282374094,7.070864562722088,1,0.44153549738086145,-0.9477790026835244,428,723,295
980,1.0650257183104859,3.689144007266594,1,0.43230518017914027,-1.5497410176050717,237,109,128
981,7.558220570720555,3.454496567397396,1,0.4406887210425565,-1.1906601505909462,407,469,62
982,5.146850441044679,5.289924247759784,1,0.4882421240819213,0.48668129743453514,959,996,37
983,1.6602862782027543,3.260118974870595,1,0.44796419821927147,-0.8826111392391218,548,780,232
984,3.0106015986773893,0.23577037678858315,1,0.4763039413542096,-0.2789390559364473,903,961,58
985,0.2177258750221972,7.485273393081961,1,0.46051005256248534,-0.9670442485883135,745,709,36
986,2.457637289755312,4.662708896149339,1,0.4593476137268418,-0.17588689597132978,726,976,250
987,2.6885301622989575,8.466113206038065,1,0.5608928304596786,0.5298940793362066,992,997,5
988,2.3336708297919637,3.866911314650416,1,0.462030352810784,-0.49419474126624996,773,934,161
989,7.8545722543614165,7.577402101126278,1,0.4788159757102729,-1.1270116204586444,923,542,381
990,1.674912760616496,7.223789788161394,1,0.43239341582499274,-1.3208586178682697,239,296,57
991,4.123681980641034,4.346719848768197,1,0.4193198381572119,-1.3677071960309637,38,238,200
992,1.201319751743494,0.7254136238141219,1,0.4576705477203071,-1.261649440283898,699,366,333
993,6.551453762763886,4.468150371197698,1,0.4256320951913726,-1.3339842802534623,108,281,173
994,3.931656323536616,6.5655740578715704,1,0.43356301238081113,-1.420396747366392,253,197,56
995,6.889616090919988,1.430173509024182,1,0.4373715564108755,-1.339333696415117,334,272,62
996,5.492026345298772,1.2181867404991698,1,0.46807515249540516,-0.35935490343876153,836,956,120
997,6.762375774261411,5.912596406404256,1,0.45118243661413826,-0.5749938011869431,597,909,312
998,8.609531589751121,0.6206221472077906,1,0.5607941461900393,-0.21854156863479446,991,972,19
999,0.5134924903612889,2.539683672238801,1,0.49311429846051075,0.051704045817955624,966,984,18
